證券代號,證券名稱,成交股數,成交金額,開盤價,最高價,最低價,收盤價,漲跌價差,成交筆數
"0050","元大台灣50","32,687,820","2,515,225,203","76.80","77.45","76.10","76.85","+2.60","17,188"
"0051","元大中型100","40,645","1,133,484","27.75","27.98","27.75","27.84","+1.22","39"
"0052","富邦科技","178,101","10,633,860","58.30","60.10","58.30","59.50","+2.10","74"
"0053","元大電子","18,000","623,660","34.71","34.71","34.35","34.53","+1.23","16"
"0054","元大台商50","6,000","118,160","19.61","19.80","19.61","19.61","+0.73","6"
"0055","元大MSCI金融","129,000","2,004,480","15.60","15.75","15.30","15.34","+0.22","84"
"0056","元大高股息","57,250,013","1,387,175,462","24.11","24.35","24.01","24.09","+0.71","25,443"
"0057","富邦摩台","27,000","1,359,650","50.05","50.65","50.05","50.10","+1.49","9"
"0061","元大寶滬深","438,400","7,338,050","16.66","16.81","16.66","16.68","+0.41","203"
"006203","元大MSCI台灣","6,000","214,040","35.52","35.90","35.52","35.90","+1.58","5"
"006204","永豐臺灣加權","21,000","1,009,560","47.80","48.41","47.80","47.80","+1.75","12"
"006205","富邦上証","1,868,588","52,505,574","27.83","28.40","27.83","28.10","+0.86","317"
"006206","元大上證50","132,142","3,854,263","29.00","29.50","29.00","29.14","+0.84","89"
"006207","FH滬深","70,000","1,519,050","21.85","21.90","21.62","21.75","+0.75","31"
"006208","富邦台50","1,566,002","68,995,174","43.99","44.30","43.59","43.80","+1.23","753"
"00625K","富邦上証+R","52,000","344,710","6.56","6.65","6.56","6.63","+0.18","4"
"00631L","元大台灣50正2","38,962,226","1,311,695,393","33.50","34.25","32.86","33.41","+2.01","9,374"
"00632R","元大台灣50反1","333,826,334","4,001,315,638","11.93","12.15","11.86","12.00","-0.46","32,553"
"00633L","富邦上証正2","24,771,400","908,279,548","36.44","37.21","36.20","36.77","+2.41","4,443"
"00634R","富邦上証反1","11,061,000","68,618,070","6.25","6.27","6.16","6.23","-0.21","879"
"00635U","元大S&P黃金","6,288,909","148,652,291","23.75","23.80","23.50","23.50","+0.78","1,736"
"00636","國泰中國A50","1,564,653","30,226,682","19.00","19.44","19.00","19.30","+0.55","432"
"00636K","國泰中國A50+U","100","638","6.38","6.38","6.38","6.38","+0.27","1"
"00637L","元大滬深300正2","152,510,979","2,144,677,968","13.96","14.28","13.90","14.12","+0.93","14,693"
"00638R","元大滬深300反1","4,972,000","62,566,350","12.57","12.66","12.48","12.58","-0.51","718"
"00639","富邦深100","2,036,518","21,563,251","10.40","10.65","10.40","10.61","+0.42","311"
"00640L","富邦日本正2","3,431,000","49,679,210","14.15","14.80","14.05","14.70","+1.67","721"
"00641R","富邦日本反1","3,821,000","61,938,620","16.48","16.48","16.02","16.19","-1.03","1,152"
"00642U","元大S&P石油","39,627,340","416,239,309","10.55","10.59","10.44","10.46","+0.10","7,811"
"00643","群益深証中小","1,597,000","20,626,980","12.78","13.00","12.78","12.88","+0.51","339"
"00643K","群益深証中小+R","0","0","0.00","0.00","0.00","0.00"," 0.00","0"
"00645","富邦日本","246,534","4,455,020","18.08","18.27","17.88","18.11","+1.17","70"
"00646","元大S&P500","4,297,725","96,342,052","22.99","22.99","22.21","22.45","+0.96","1,390"
"00647L","元大S&P500正2","8,048,000","180,292,530","22.40","22.88","22.00","22.50","+1.92","1,728"
"00648R","元大S&P500反1","7,224,200","100,633,300","13.95","14.11","13.76","13.92","-0.76","1,255"
"00650L","FH香港正2","261,000","5,271,690","20.47","20.52","19.72","20.07","+1.19","104"
"00651R","FH香港反1","781,000","7,287,760","9.26","9.49","9.10","9.45","-0.31","210"
"00652","富邦印度","1,010,702","14,939,712","15.04","15.04","14.62","14.78","+0.16","360"
"00653L","富邦印度正2","6,647,000","83,979,520","13.01","13.10","12.20","12.54","+0.30","2,122"
"00654R","富邦印度反1","995,000","19,446,890","19.25","19.80","19.15","19.70"," 0.00","351"
"00655L","國泰中國A50正2","13,766,075","363,854,949","26.00","26.89","26.00","26.53","+1.80","2,648"
"00656R","國泰中國A50反1","1,383,000","15,819,650","11.60","11.60","11.34","11.44","-0.41","181"
"00657","國泰日經225","118,000","2,806,570","23.77","23.94","23.77","23.94","+1.97","9"
"00657K","國泰日經225+U","100","781","7.81","7.81","7.81","7.81","+0.59","1"
"00660","元大歐洲50","66,000","1,268,510","19.10","19.39","19.10","19.26","+0.78","27"
"00661","元大日經225","423,000","9,902,110","22.50","23.70","22.50","23.68","+1.35","67"
"00662","富邦NASDAQ","1,150,454","33,696,034","29.50","29.80","28.93","29.20","+0.87","522"
"00663L","國泰臺灣加權正2","2,063,000","61,353,210","29.39","30.24","29.04","29.72","+2.18","407"
"00664R","國泰臺灣加權反1","10,428,004","142,597,296","13.71","14.00","13.53","13.70","-0.50","1,585"
"00665L","富邦恒生國企正2","301,000","5,802,590","19.18","19.70","18.97","19.24","+0.98","65"
"00666R","富邦恒生國企反1","114,000","1,651,530","14.47","14.59","14.24","14.48","-0.58","18"
"00668","國泰美國道瓊","1,571,300","35,361,538","22.45","22.74","22.35","22.63","+1.40","604"
"00668K","國泰美國道瓊+U","100","745","7.45","7.45","7.45","7.45","+0.55","1"
"00669R","國泰美國道瓊反1","18,488,000","277,538,040","15.05","15.19","14.84","15.07","-1.07","3,079"
"00670L","富邦NASDAQ正2","9,240,500","273,128,520","29.76","30.04","28.99","29.60","+1.82","2,494"
"00671R","富邦NASDAQ反1","5,414,000","64,815,550","11.94","12.13","11.86","11.98","-0.43","931"
"00672L","元大S&P原油正2","168,023,649","520,623,613","3.05","3.18","3.04","3.18","+0.29","19,618"
"00673R","元大S&P原油反1","6,119,000","159,882,260","26.52","26.52","25.79","26.14","-0.70","1,074"
"00674R","元大S&P黃金反1","1,079,000","16,026,980","14.88","14.98","14.63","14.98","-0.47","455"
"00675L","富邦臺灣加權正2","4,568,100","59,467,718","12.92","13.28","12.75","13.03","+0.88","977"
"00676R","富邦臺灣加權反1","11,224,000","82,753,080","7.40","7.47","7.28","7.38","-0.28","1,608"
"00677U","富邦VIX","508,017,535","4,186,602,600","8.22","8.61","7.93","8.37","+0.34","49,565"
"00678","群益NBI生技","418,000","8,380,880","20.55","20.55","19.88","20.05","+0.19","181"
"00680L","元大美債20正2","516,000","16,739,240","32.23","32.90","32.21","32.56","+0.46","109"
"00681R","元大美債20反1","307,000","3,930,090","12.77","12.87","12.75","12.84","-0.04","63"
"00682U","元大美元指數","37,000","744,890","20.27","20.27","20.10","20.14","-0.11","18"
"00683L","元大美元指數正2","342,000","7,199,070","21.50","21.50","20.89","21.01","-0.21","63"
"00684R","元大美元指數反1","94,000","1,665,230","17.70","17.76","17.67","17.67","+0.01","24"
"00685L","群益臺灣加權正2","264,000","3,027,770","11.37","11.69","11.32","11.55","+0.84","156"
"00686R","群益臺灣加權反1","1,559,000","12,583,270","8.12","8.16","7.98","8.06","-0.33","210"
"00688L","國泰20年美債正2","115,000","3,827,750","32.91","33.30","32.90","33.21","+0.47","8"
"00689R","國泰20年美債反1","147,000","1,927,690","13.01","13.19","13.01","13.17","-0.05","14"
"00690","兆豐藍籌30","280,048","5,454,090","19.62","19.62","19.41","19.45","+0.66","69"
"00691R","兆豐藍籌30反1","1,000","16,240","16.24","16.24","16.24","16.24","-0.38","1"
"00692","富邦公司治理","5,712,190","112,554,332","19.61","19.85","19.56","19.76","+0.73","2,158"
"00693U","街口S&P黃豆","2,410,200","34,756,328","14.39","14.47","14.34","14.43","+0.13","604"
"00700","富邦恒生國企","145,000","2,573,360","17.48","18.00","17.48","17.80","+0.60","8"
"00701","國泰股利精選30","3,491,179","64,146,022","18.45","18.47","18.29","18.32","+0.56","1,310"
"00702","國泰標普低波高息","1,000,500","14,120,300","14.00","14.22","13.93","14.18","+0.78","58"
"00703","台新MSCI中國","189,000","3,554,890","18.80","19.36","18.62","18.75","+0.58","35"
"00706L","元大S&P日圓正2","191,000","3,141,840","16.50","16.52","16.41","16.47","-0.13","65"
"00707R","元大S&P日圓反1","115,000","2,296,570","19.95","19.98","19.95","19.98","+0.13","11"
"00708L","元大S&P黃金正2","23,386,000","612,093,720","26.36","26.64","25.88","25.88","+1.71","3,768"
"00709","富邦歐洲","224,000","3,474,700","15.33","15.60","15.33","15.60","+0.80","22"
"00710B","FH彭博高收益債","495,000","7,984,240","16.20","16.44","16.00","16.00","+0.05","161"
"00711B","FH彭博新興債","129,000","2,354,680","18.27","18.37","18.20","18.21","+0.24","20"
"00712","FH富時不動產","3,770,200","26,934,980","8.43","8.43","6.68","6.93","-1.22","1,385"
"00713","元大台灣高息低波","104,767","2,798,122","26.27","26.95","26.27","26.76","+0.96","87"
"00714","群益道瓊美國地產","408,000","5,980,450","14.61","14.74","14.60","14.74","+0.52","80"
"00715L","街口布蘭特油正2","175,083,000","735,960,760","4.18","4.29","4.05","4.26","+0.08","17,046"
"00717","富邦美國特別股","3,468,459","49,948,347","15.00","15.00","14.25","14.27","+0.12","888"
"00728","第一金工業30","877,100","14,438,298","16.20","16.57","16.15","16.28","+0.49","142"
"00730","富邦臺灣優質高息","594,526","8,729,527","14.46","14.84","14.46","14.72","+0.61","261"
"00731","FH富時高息低波","264,000","10,484,840","39.48","39.94","39.40","39.71","+0.96","96"
"00732","國泰RMB短期報酬","100,000","3,836,000","38.36","38.36","38.36","38.36","+0.20","2"
"00733","富邦臺灣中小","229,000","3,721,510","16.15","16.38","16.10","16.15","+0.85","20"
"00735","國泰臺韓科技","136,000","2,402,750","17.45","17.73","17.45","17.56","+0.79","17"
"00736","國泰新興市場","224,000","3,414,530","15.24","15.35","15.18","15.20","+0.50","25"
"00737","國泰AI+Robo","1,100,779","18,718,182","16.80","17.19","16.80","17.10","+0.84","403"
"00738U","元大道瓊白銀","4,907,000","79,326,310","16.21","16.25","16.02","16.15","+0.79","1,051"
"00739","元大MSCI A股","239,044","4,703,309","19.50","19.86","19.30","19.72","+0.56","88"
"00742","新光內需收益","2,000","36,520","18.26","18.26","18.26","18.26","X0.00","1"
"00743","國泰中國A150","312,489","6,171,910","19.60","19.81","19.60","19.75","+0.74","35"
"00752","中信中國50","1,628,623","35,652,246","21.80","22.10","21.72","21.84","+0.76","700"
"00753L","中信中國50正2","188,000","3,735,400","19.60","20.39","19.60","19.80","+1.29","91"
"00757","統一FANG+","1,007,000","21,891,910","22.95","22.95","21.29","21.52","+0.70","241"
"00762","元大全球AI","857,200","18,010,640","20.62","21.23","20.62","21.10","+1.20","396"
"00763U","街口道瓊銅","54,000","812,760","15.00","15.10","15.00","15.03","+0.33","15"
"00766L","台新MSCI中國正2","530,000","4,204,210","7.72","8.03","7.72","7.91","+0.41","102"
"00767","FH美國金融股","5,000","70,910","13.98","14.88","13.98","14.88","+1.24","5"
"00770","國泰北美科技","51,000","1,055,050","20.70","20.82","20.51","20.76","+1.03","24"
"00771","元大US高息特別股","328,313","4,954,771","15.00","15.26","14.99","15.10","+0.97","111"
"00774B","新光中國政金綠債","2,000","81,060","40.53","40.53","40.53","40.53","+0.18","2"
"00774C","新光中政金綠債+R","0","0","0.00","0.00","0.00","0.00"," 0.00","0"
"00775B","新光投等債15+","17,000","653,390","38.46","38.47","38.22","38.22","+0.37","7"
"00776","新光ICE美國權值","0","0","0.00","0.00","0.00","0.00"," 0.00","0"
"00783","富邦中証500","929,899","16,330,605","16.99","17.81","16.99","17.57","+0.58","52"
"008201","BP上證50","100","9,005","90.05","90.05","90.05","90.05","X0.00","1"
"00830","國泰費城半導體","3,736,848","52,537,415","14.13","14.20","13.94","14.10","+0.78","983"
"00850","元大臺灣ESG永續","4,767,281","91,838,659","19.22","19.50","19.04","19.16","+0.55","2,340"
"00851","台新全球AI","107,000","1,892,000","17.72","17.80","17.49","17.68","+0.42","43"
"00852L","國泰美國道瓊正2","77,392,000","629,346,990","8.07","8.33","7.98","8.13","+0.83","7,461"
"00861","元大全球未來通訊","8,746,642","149,863,111","17.15","17.24","16.97","17.01","+0.42","3,195"
"00865B","國泰US短期公債","69,000","2,758,840","39.95","40.00","39.95","40.00","+0.08","16"
"00866","新光Shiller CAPE","32,000","484,150","15.25","15.25","15.01","15.14","+0.79","6"
"01001T","土銀富邦R1","15,717","252,885","15.82","16.14","15.82","16.09","+0.01","10"
"01002T","土銀國泰R1","56,853","955,058","16.74","16.85","16.74","16.85","+0.11","28"
"01003T","兆豐新光R1","195,936","3,769,614","19.19","19.29","19.19","19.25","+0.06","38"
"01004T","土銀富邦R2","65,385","923,010","14.04","14.35","14.04","14.34","+0.30","20"
"01007T","兆豐國泰R2","8,216","139,046","16.90","16.90","16.89","16.89","+0.10","8"
"01009T","王道圓滿R1","26,000","236,800","9.06","9.19","9.05","9.15","+0.15","7"
"01010T","京城樂富R1","231,000","2,290,820","9.90","10.00","9.85","10.00","+0.05","25"
"020000","富邦特選蘋果N","448,000","2,032,090","4.52","4.55","4.50","4.50","+0.19","42"
"020002","元富新中國N","0","0","0.00","0.00","0.00","0.00"," 0.00","0"
"020004","兆豐電菁英30N","3,000","58,410","19.47","19.47","19.47","19.47","X0.00","1"
"020005","永豐外資50N","0","0","0.00","0.00","0.00","0.00"," 0.00","0"
"020006","永昌中小300N","0","0","0.00","0.00","0.00","0.00"," 0.00","0"
"020007","凱基臺灣500N","0","0","0.00","0.00","0.00","0.00"," 0.00","0"
"020008","元大特股高息N","50,000","488,780","9.81","9.82","9.74","9.74","+0.07","17"
"020011","統一微波高息20N","15,000","63,650","4.25","4.25","4.24","4.24","+0.12","2"
"020012","富邦行動通訊N","1,020,000","4,083,270","3.97","4.05","3.96","3.98","+0.13","142"
"1101","台泥","17,956,597","701,750,294","39.05","39.50","38.70","38.80","+0.55","7,400"
"1101B","台泥乙特","15,526","826,334","53.40","53.40","53.00","53.40"," 0.00","12"
"1102","亞泥","7,808,915","309,277,093","39.80","40.30","39.15","39.20","+0.20","4,043"
"1103","嘉泥","2,706,843","40,026,231","14.50","15.20","14.40","15.05","+0.95","1,204"
"1104","環泥","512,145","7,706,604","15.00","15.15","14.85","15.10","+0.60","241"
"1108","幸福","110,000","678,470","6.25","6.25","6.10","6.11","+0.35","39"
"1109","信大","611,000","9,173,600","14.75","15.30","14.75","15.10","+0.65","135"
"1110","東泥","100,899","1,455,905","14.45","14.90","14.20","14.90","+0.80","31"
"1201","味全","2,281,504","41,140,815","18.05","18.20","17.90","18.05","+0.45","933"
"1203","味王","51,237","1,347,355","26.55","26.55","26.05","26.20","-0.20","64"
"1210","大成","2,282,916","79,931,310","35.20","35.35","34.80","34.90","+1.05","1,325"
"1213","大飲","10,300","51,619","4.91","5.69","4.91","5.69","+0.41","7"
"1215","卜蜂","1,324,520","73,002,994","55.40","55.80","54.50","55.00","+1.00","925"
"1216","統一","11,435,852","765,394,463","66.40","68.40","66.40","66.60"," 0.00","6,502"
"1217","愛之味","3,966,212","27,145,178","6.91","6.94","6.80","6.85"," 0.00","1,351"
"1218","泰山","1,698,498","32,527,033","19.50","19.50","18.95","19.05","+0.35","728"
"1219","福壽","25,424","445,884","17.55","17.60","17.50","17.60","+0.25","33"
"1220","台榮","166,073","1,571,309","9.64","9.64","9.37","9.45","+0.05","68"
"1225","福懋油","72,325","2,185,011","31.35","31.35","29.85","30.40"," 0.00","78"
"1227","佳格","1,870,495","107,410,053","57.00","58.70","56.60","57.10","+0.50","1,325"
"1229","聯華","3,422,744","113,334,776","32.50","33.45","32.50","33.25","+1.40","2,111"
"1231","聯華食","674,354","25,067,741","36.60","38.15","36.50","36.90","+1.00","511"
"1232","大統益","200,092","21,088,252","104.00","107.00","104.00","105.50","+5.00","224"
"1233","天仁","161,000","5,564,550","33.00","35.05","33.00","35.05","+3.15","123"
"1234","黑松","76,912","2,248,760","29.05","29.50","29.05","29.05","+0.15","65"
"1235","興泰","349,370","8,298,725","24.00","24.00","23.15","23.80","+0.15","65"
"1236","宏亞","23,000","237,450","10.15","10.55","10.15","10.35","+0.25","18"
"1256","鮮活果汁-KY","130,889","23,093,353","178.00","181.50","172.00","175.00","+5.00","160"
"1301","台塑","14,694,236","1,095,185,870","72.60","75.30","72.60","74.90","+4.40","8,267"
"1303","南亞","8,987,168","493,316,953","53.80","55.70","53.70","55.70","+4.00","4,782"
"1304","台聚","4,444,192","42,500,227","9.18","9.79","9.18","9.70","+0.80","1,548"
"1305","華夏","3,700,596","51,321,368","13.60","14.10","13.55","14.00","+0.90","1,677"
"1307","三芳","140,202","2,408,432","17.00","17.30","17.00","17.20","+0.65","108"
"1308","亞聚","1,413,438","19,543,707","13.70","13.95","13.70","13.75","+0.35","538"
"1309","台達化","1,099,351","8,317,127","7.39","7.74","7.39","7.65","+0.46","487"
"1310","台苯","2,036,425","27,627,357","13.40","13.75","13.25","13.70","+0.90","926"
"1312","國喬","5,479,553","68,935,251","12.45","12.75","12.40","12.50","+0.55","1,890"
"1312A","國喬特","1,000","30,000","30.00","30.00","30.00","30.00","-0.10","1"
"1313","聯成","1,543,355","12,264,486","7.78","8.03","7.78","7.93","+0.35","569"
"1314","中石化","23,346,744","166,757,303","7.16","7.24","7.07","7.08","+0.27","6,105"
"1315","達新","1,283,350","58,680,323","46.25","46.55","45.25","45.35","+0.05","514"
"1316","上曜","912,765","7,476,934","8.11","8.30","8.05","8.13","+0.19","316"
"1319","東陽","1,999,326","61,698,312","30.20","31.25","30.20","30.95","+1.90","1,204"
"1321","大洋","345,000","8,560,350","24.60","25.10","24.40","24.55","+0.45","213"
"1323","永裕","269,988","7,880,445","29.20","29.75","28.80","29.30","+0.35","158"
"1324","地球","45,234","344,853","7.50","7.65","7.50","7.55","+0.09","37"
"1325","恆大","14,850,600","572,514,848","37.45","40.30","37.40","37.60","+0.35","8,067"
"1326","台化","9,054,638","617,350,023","67.30","68.50","67.30","68.50","+3.30","4,976"
"1337","再生-KY","799,999","2,884,323","3.58","3.69","3.55","3.57","+0.11","269"
"1338","廣華-KY","420,334","16,037,988","36.50","38.50","36.50","38.30","+3.30","326"
"1339","昭輝","530,014","18,591,108","34.30","35.90","34.20","34.65","+1.60","388"
"1340","勝悅-KY","375,257","3,219,993","8.50","8.77","8.40","8.52","+0.33","182"
"1341","富林-KY","17,013","916,502","53.50","56.00","53.40","53.40","-1.10","28"
"1402","遠東新","13,467,863","303,593,636","22.50","22.75","22.30","22.45","+1.10","5,877"
"1409","新纖","3,854,246","38,735,482","9.84","10.20","9.84","10.05","+0.49","1,719"
"1410","南染","14,347","398,221","27.40","27.90","27.40","27.75","+0.50","27"
"1413","宏洲","47,000","303,940","6.60","6.60","6.37","6.40","+0.05","25"
"1414","東和","223,059","1,233,782","5.60","5.60","5.40","5.50","+0.26","113"
"1416","廣豐","124,684","1,303,007","10.70","10.70","10.30","10.45","+0.25","222"
"1417","嘉裕","370,303","2,926,254","7.84","8.02","7.76","7.83","+0.13","211"
"1418","東華","226","1,145","0.00","0.00","0.00","0.00"," 0.00","18"
"1419","新紡","10,271","391,805","38.30","38.80","37.50","37.50","-0.60","12"
"1423","利華","24,208","227,150","9.33","9.49","9.15","9.45","+0.23","21"
"1432","大魯閣","64,250","286,771","4.50","4.50","4.35","4.39","+0.08","35"
"1434","福懋","2,013,241","61,560,680","30.05","30.95","30.00","30.55","+0.70","1,048"
"1435","中福","195,013","1,423,781","7.53","7.53","7.17","7.29","+0.20","84"
"1436","華友聯","112,000","3,904,050","35.05","35.95","34.15","35.20","+0.65","77"
"1437","勤益控","316,301","5,945,683","18.60","19.00","18.60","18.90","+0.60","165"
"1438","裕豐","8,000","76,700","9.40","10.50","9.40","9.60","-0.50","3"
"1439","中和","724,000","21,104,600","29.15","29.15","29.15","29.15","+2.65","240"
"1440","南紡","3,176,922","25,456,535","7.61","8.19","7.61","8.09","+0.60","906"
"1441","大東","219,290","1,216,286","5.44","5.67","5.44","5.53","+0.22","110"
"1442","名軒","390,001","5,766,114","14.75","14.90","14.70","14.80","+0.40","149"
"1443","立益","100,114","875,407","8.79","8.93","8.57","8.80","+0.07","36"
"1444","力麗","2,034,865","13,061,758","6.30","6.59","6.28","6.52","+0.37","963"
"1445","大宇","57,555","386,682","6.74","6.74","6.51","6.74","+0.44","32"
"1446","宏和","315,003","7,483,272","22.60","24.15","22.60","23.85","+1.70","214"
"1447","力鵬","904,680","4,599,611","5.00","5.16","4.98","5.08","+0.18","272"
"1449","佳和","445,807","4,672,267","10.10","10.65","10.10","10.35","+0.35","188"
"1451","年興","619,031","9,122,803","14.60","14.90","14.50","14.75","+0.45","317"
"1452","宏益","434,011","6,903,527","15.65","16.10","15.65","15.90","+0.55","255"
"1453","大將","71,500","463,740","6.30","6.60","6.15","6.60","+0.46","29"
"1454","台富","228,000","1,685,710","7.30","7.56","7.30","7.56","+0.46","72"
"1455","集盛","1,458,530","7,908,480","5.32","5.54","5.32","5.44","+0.25","398"
"1456","怡華","80,000","519,230","6.40","6.75","6.40","6.58","+0.37","31"
"1457","宜進","604,514","6,670,603","10.85","11.25","10.85","10.90","+0.10","252"
"1459","聯發","59,274","321,677","5.53","5.53","5.41","5.42","+0.06","24"
"1460","宏遠","561,319","3,039,169","5.35","5.49","5.35","5.41","+0.23","251"
"1463","強盛","233,000","2,318,330","10.00","10.10","9.80","9.98","+0.33","113"
"1464","得力","1,457,036","24,819,158","16.40","17.50","16.35","17.20","+1.20","781"
"1465","偉全","202,904","2,769,465","13.65","13.80","13.50","13.65"," 0.00","121"
"1466","聚隆","102,200","628,608","6.20","6.20","6.02","6.15","+0.11","47"
"1467","南緯","704,000","5,377,480","7.50","7.97","7.41","7.97","+0.47","250"
"1468","昶和","12,000","110,800","9.10","9.40","9.10","9.40","+0.30","12"
"1470","大統新創","6,000","116,400","19.40","19.40","19.40","19.40","+0.20","4"
"1471","首利","111,396","178,057","1.67","1.67","1.57","1.63","-0.01","39"
"1472","三洋紡","6,842,097","59,697,663","8.39","10.25","8.39","10.25","+0.93","924"
"1473","台南","408,037","8,676,614","20.95","21.65","20.75","21.50","+0.75","212"
"1474","弘裕","294,002","2,275,916","7.70","7.80","7.69","7.78","+0.15","117"
"1475","本盟","3,024","20,443","6.41","6.97","6.41","6.93","X0.00","11"
"1476","儒鴻","1,070,985","258,512,855","240.50","243.00","236.00","243.00","+22.00","835"
"1477","聚陽","6,068,779","659,686,190","104.50","110.00","104.00","109.50","+9.50","3,463"
"1503","士電","92,006","3,640,290","39.15","39.75","39.15","39.70","+0.80","77"
"1504","東元","7,362,992","174,781,485","23.65","24.45","23.50","24.10","+1.10","2,914"
"1506","正道","270,056","2,592,915","9.70","9.70","9.57","9.68","-0.12","89"
"1507","永大","61,007","3,443,592","56.70","56.90","56.00","56.20","-0.20","60"
"1512","瑞利","111,016","326,668","2.95","2.95","2.90","2.95","+0.05","25"
"1513","中興電","3,561,113","77,633,103","21.45","22.15","21.25","21.85","+1.00","1,258"
"1514","亞力","2,145,501","32,907,334","15.25","15.50","15.15","15.40","+0.50","724"
"1515","力山","2,525,861","105,043,127","41.50","42.50","40.70","41.15","+2.00","1,624"
"1516","川飛","83,801","1,069,913","12.80","13.05","12.50","13.00","+0.50","50"
"1517","利奇","179,009","1,101,385","6.18","6.23","6.08","6.15","+0.16","66"
"1519","華城","804,100","19,017,765","23.10","23.95","23.10","23.60","+1.00","418"
"1521","大億","71,040","3,777,556","53.00","53.50","53.00","53.20","+1.70","61"
"1522","堤維西","1,672,497","31,997,691","18.45","19.30","18.45","19.30","+1.75","718"
"1524","耿鼎","1,263,066","10,562,966","8.30","8.50","8.30","8.40","+0.15","224"
"1525","江申","27,001","1,121,191","40.40","42.40","40.40","41.60","+2.00","27"
"1526","日馳","562,797","9,406,200","16.70","17.25","16.30","16.30","+0.05","285"
"1527","鑽全","1,096,141","41,812,090","37.25","38.75","37.25","38.05","+1.95","641"
"1528","恩德","378,906","2,037,342","5.33","5.42","5.33","5.36","+0.16","400"
"1529","樂士","85,738","966,662","10.70","11.50","10.70","11.50","+1.00","59"
"1530","亞崴","18,500","469,349","25.25","26.00","25.20","25.40","+0.40","18"
"1531","高林股","463,130","4,347,458","9.31","9.49","9.31","9.38","+0.17","151"
"1532","勤美","470,709","10,881,235","23.35","23.40","22.80","22.90","+0.40","219"
"1533","車王電","111,040","2,582,324","23.15","23.60","23.10","23.10","+1.10","75"
"1535","中宇","63,000","1,670,700","26.20","27.10","26.05","26.95","+1.35","49"
"1536","和大","7,253,304","519,373,140","72.80","73.50","69.70","71.20","+2.40","5,048"
"1537","廣隆","345,176","45,600,908","130.50","133.50","130.50","131.50","+4.50","297"
"1538","正峰新","44,165","94,385","2.01","2.18","2.01","2.18","+0.19","26"
"1539","巨庭","130,000","1,702,200","12.90","13.20","12.90","13.20","+0.65","68"
"1540","喬福","672,553","10,640,030","14.80","16.10","14.80","15.85","+1.20","273"
"1541","錩泰","256,000","7,148,300","26.10","28.50","26.10","28.30","+2.35","107"
"1558","伸興","165,096","19,454,424","118.00","118.50","116.00","117.50","+3.50","141"
"1560","中砂","725,230","37,600,236","51.30","52.30","51.30","51.70","+1.50","526"
"1568","倉佑","272,900","3,110,718","11.20","11.75","11.15","11.50","+0.55","170"
"1582","信錦","787,744","52,137,615","65.50","67.00","65.50","65.50","+1.20","639"
"1583","程泰","5,400","285,600","52.50","53.50","52.50","53.50","+3.10","7"
"1587","吉茂","181,124","1,788,501","9.90","10.00","9.76","9.90","+0.14","58"
"1589","永冠-KY","726,017","37,755,990","52.00","52.60","51.60","51.90","+0.80","353"
"1590","亞德客-KY","2,485,060","1,023,496,635","399.00","419.50","399.00","412.50","+30.50","1,502"
"1592","英瑞-KY","3,363,090","38,725,684","11.70","11.80","11.30","11.65","+0.15","708"
"1598","岱宇","396,305","12,962,615","33.00","33.15","32.05","32.55","-0.10","238"
"1603","華電","372,778","11,260,677","30.30","31.00","29.40","29.80","-0.50","259"
"1604","聲寶","1,059,877","18,158,868","17.00","17.25","17.00","17.15","+0.35","499"
"1605","華新","7,836,181","91,453,926","11.50","11.85","11.45","11.65","+0.45","2,393"
"1608","華榮","934,711","7,076,202","7.65","7.68","7.49","7.51","+0.32","356"
"1609","大亞","3,665,675","29,989,210","8.07","8.30","8.05","8.21","+0.45","1,068"
"1611","中電","714,374","7,987,099","11.25","11.30","11.10","11.10","+0.05","689"
"1612","宏泰","348,011","3,103,180","8.90","8.97","8.86","8.90","+0.33","123"
"1614","三洋電","176,850","4,566,754","25.85","26.35","25.25","25.45","+0.45","85"
"1615","大山","122,000","2,182,050","17.70","18.00","17.70","17.75","+0.30","64"
"1616","億泰","111,087","407,859","3.60","3.78","3.60","3.64","+0.07","39"
"1617","榮星","16,100","147,590","9.01","9.47","9.01","9.47","+0.45","15"
"1618","合機","98,661","641,835","6.56","6.60","6.32","6.54","+0.29","51"
"1626","艾美特-KY","321,000","5,910,200","18.85","18.95","18.00","18.45","+0.70","173"
"1701","中化","1,666,342","29,883,156","18.10","18.15","17.85","17.85","+0.15","883"
"1702","南僑","630,333","25,125,655","39.80","40.45","39.05","40.00","+2.30","499"
"1707","葡萄王","1,445,633","277,461,935","193.00","195.50","187.50","190.00","+2.50","1,304"
"1708","東鹼","383,011","7,732,579","20.20","20.30","20.00","20.25","+0.10","333"
"1709","和益","959,655","10,758,012","11.10","11.40","11.05","11.40","+0.60","334"
"1710","東聯","2,288,165","33,271,461","14.55","14.90","14.25","14.35","+0.35","1,211"
"1711","永光","1,082,763","12,425,067","11.75","11.80","11.25","11.50","+0.65","455"
"1712","興農","2,527,526","46,343,517","18.10","18.70","18.10","18.25","+0.45","1,029"
"1713","國化","75,464","1,265,275","16.65","16.85","16.65","16.70","-0.15","105"
"1714","和桐","5,462,847","32,847,795","5.89","6.08","5.89","6.01","+0.21","1,307"
"1717","長興","806,863","18,259,011","22.75","23.15","22.30","22.50","+0.25","536"
"1718","中纖","6,084,790","32,210,267","5.24","5.36","5.20","5.30","+0.24","1,373"
"1720","生達","350,764","10,828,078","30.90","31.10","30.55","30.80","+0.30","217"
"1721","三晃","208,775","1,867,089","8.80","9.06","8.80","8.92","+0.22","86"
"1722","台肥","5,112,819","212,902,582","41.90","42.00","41.25","41.45","+0.70","2,117"
"1723","中碳","575,485","55,547,892","93.40","98.30","93.40","95.40","+3.50","483"
"1724","台硝","52,000","524,000","10.00","10.20","9.91","10.05","+0.05","38"
"1725","元禎","35,772","467,037","12.80","13.15","12.80","12.90","+0.10","31"
"1726","永記","30,015","1,911,127","62.50","66.00","62.50","63.30","+0.10","31"
"1727","中華化","215,177","1,770,836","8.12","8.35","8.12","8.25","+0.16","85"
"1730","花仙子","674,780","36,306,690","53.20","54.80","52.60","54.50","+3.20","538"
"1731","美吾華","568,331","6,748,949","11.85","12.00","11.80","11.80","+0.20","283"
"1732","毛寶","5,939,131","177,438,580","30.30","30.80","29.20","29.40","-0.40","3,411"
"1733","五鼎","723,601","14,640,653","20.20","20.50","19.85","20.20","+0.70","383"
"1734","杏輝","539,818","8,781,132","16.10","16.55","16.10","16.20","+0.60","387"
"1735","日勝化","37,188","582,475","15.95","15.95","15.60","15.60","+0.35","25"
"1736","喬山","1,798,475","84,265,532","46.00","47.65","45.40","47.65","+4.30","975"
"1737","臺鹽","405,650","11,615,854","28.55","28.85","28.20","28.80","+0.95","262"
"1760","寶齡富錦","650,141","38,417,675","58.80","60.10","57.60","58.20","+0.20","513"
"1762","中化生","925,413","27,025,289","29.50","29.70","28.90","29.05","+0.35","683"
"1773","勝一","236,510","20,398,160","83.00","87.00","83.00","85.90","+4.40","218"
"1776","展宇","72,000","1,273,800","18.20","18.50","17.30","17.35","-0.85","44"
"1783","和康生","269,000","3,871,200","13.70","14.75","13.70","14.75","+1.30","146"
"1786","科妍","253,000","11,786,050","45.80","47.50","45.45","46.00","+1.50","190"
"1789","神隆","2,406,626","58,306,547","24.20","24.50","23.85","24.20","+0.50","1,259"
"1795","美時","1,433,000","74,822,800","50.70","52.90","50.70","52.90","+4.80","984"
"1802","台玻","1,694,525","12,327,898","7.21","7.35","7.16","7.32","+0.32","488"
"1805","寶徠","1,063","9,813","9.24","9.24","9.24","9.24","+0.77","2"
"1806","冠軍","1,778,198","7,211,131","4.28","4.28","4.00","4.04","+0.04","343"
"1808","潤隆","830,434","45,747,854","54.50","56.50","54.40","55.10","+3.40","596"
"1809","中釉","462,229","3,476,096","7.40","7.75","7.40","7.48","+0.30","189"
"1810","和成","300,300","1,776,249","5.89","5.97","5.76","5.94","+0.32","104"
"1817","凱撒衛","144,000","3,848,000","26.75","26.90","26.35","26.75","+1.15","89"
"1902","台紙","1,003,975","19,873,690","19.70","19.85","19.70","19.85","+0.25","342"
"1903","士紙","333,232","10,648,713","31.65","32.55","31.00","31.00","-0.60","109"
"1904","正隆","6,344,824","128,148,736","19.75","20.50","19.75","20.35","+0.90","3,135"
"1905","華紙","2,491,993","17,512,205","7.11","7.11","6.91","6.92","-0.03","734"
"1906","寶隆","1,359,040","15,796,286","11.40","11.90","11.30","11.45","+0.35","405"
"1907","永豐餘","5,429,891","62,375,489","11.40","11.60","11.35","11.40","+0.15","1,796"
"1909","榮成","18,187,904","214,050,602","11.70","12.15","11.40","11.65","+0.40","4,450"
"2002","中鋼","24,722,266","479,414,825","19.30","19.50","19.25","19.40","+0.35","8,784"
"2002A","中鋼特","54,000","2,709,250","50.20","50.50","49.90","49.90","+0.40","42"
"2006","東和鋼鐵","3,208,624","67,450,073","20.75","21.30","20.60","21.30","+1.10","1,160"
"2007","燁興","90,609","339,377","3.85","3.85","3.68","3.75","+0.07","64"
"2008","高興昌","26,950","329,600","12.25","12.25","12.20","12.20","-0.05","13"
"2009","第一銅","377,015","2,322,834","6.19","6.26","6.00","6.15","+0.35","131"
"2010","春源","414,517","3,556,017","8.50","8.70","8.44","8.47","+0.16","158"
"2012","春雨","125,280","2,107,829","17.25","17.25","16.55","16.55","-0.35","72"
"2013","中鋼構","493,000","9,426,199","18.90","19.30","18.60","19.20","+0.90","267"
"2014","中鴻","5,465,011","38,186,832","6.79","7.08","6.77","6.89","+0.38","1,494"
"2015","豐興","1,589,620","71,639,220","44.10","45.75","44.10","45.40","+2.20","836"
"2017","官田鋼","487,127","3,082,344","6.20","6.50","6.20","6.26","+0.27","143"
"2020","美亞","509,734","7,625,207","14.90","15.10","14.90","14.95","+0.25","134"
"2022","聚亨","505,528","1,797,301","3.48","3.60","3.48","3.54","+0.11","156"
"2023","燁輝","1,548,851","12,339,008","8.02","8.03","7.92","7.94","+0.02","627"
"2024","志聯","72,705","849,140","11.55","11.80","11.55","11.75","+0.25","50"
"2025","千興","75,100","106,051","1.32","1.44","1.32","1.43","+0.11","65"
"2027","大成鋼","4,694,170","128,940,622","28.00","28.00","27.00","27.20","+0.50","2,050"
"2028","威致","214,349","1,988,811","9.27","9.30","9.05","9.10","+0.09","46"
"2029","盛餘","464,850","6,909,804","14.90","15.00","14.55","14.95","+0.85","124"
"2030","彰源","747,057","7,009,703","9.31","9.44","9.31","9.41","+0.15","245"
"2031","新光鋼","1,850,628","40,140,182","21.50","22.20","21.30","21.75","+0.85","949"
"2032","新鋼","80,093","578,217","7.14","7.30","7.14","7.23","+0.26","38"
"2033","佳大","108,360","876,846","7.84","8.19","7.84","8.02","+0.19","42"
"2034","允強","1,077,902","23,467,156","21.30","22.10","21.25","21.50","+0.70","569"
"2038","海光","163,000","839,300","5.22","5.25","5.06","5.06","+0.13","89"
"2049","上銀","4,646,671","972,628,405","210.50","211.50","205.00","211.50","+19.00","3,532"
"2059","川湖","388,395","115,014,025","293.50","302.50","291.00","292.00","+3.50","357"
"2062","橋椿","385,200","7,678,240","19.90","19.95","19.85","19.95","+1.80","186"
"2069","運錩","126,000","1,603,850","12.50","12.90","12.50","12.70","+0.50","75"
"2101","南港","1,865,333","73,038,148","39.10","39.75","38.60","39.20","+0.95","1,038"
"2102","泰豐","5,121,639","66,288,944","12.80","13.30","12.70","12.90","+0.20","1,736"
"2103","台橡","2,864,279","40,581,023","14.15","14.20","14.05","14.15","+0.45","1,217"
"2104","國際中橡","8,653,420","160,714,914","18.40","18.90","18.35","18.45","+0.35","3,659"
"2105","正新","4,852,079","152,404,623","31.00","31.70","31.00","31.55","+0.85","2,454"
"2106","建大","822,768","21,364,581","26.05","26.20","25.90","25.90"," 0.00","331"
"2107","厚生","1,638,513","24,351,615","14.95","15.05","14.75","14.80","+0.10","671"
"2108","南帝","951,355","23,779,506","24.95","25.40","24.60","25.40","+1.25","483"
"2109","華豐","320,661","3,557,782","11.15","11.20","10.95","11.15","+0.35","129"
"2114","鑫永銓","50,400","3,605,500","70.60","72.00","70.60","71.80","+3.30","50"
"2115","六暉-KY","33,413","1,154,811","34.50","34.80","34.45","34.70","+0.50","32"
"2201","裕隆","6,476,686","100,369,844","15.20","15.80","15.10","15.50","+0.85","2,253"
"2204","中華","791,621","21,008,152","26.30","26.90","26.10","26.55","+1.10","555"
"2206","三陽工業","1,073,843","20,817,615","19.40","19.50","19.15","19.45","+0.10","414"
"2207","和泰車","310,177","135,004,080","435.00","435.50","431.00","435.50","+39.50","249"
"2208","台船","1,363,896","23,665,581","17.00","17.65","17.00","17.40","+0.85","690"
"2227","裕日車","219,085","46,005,850","210.00","210.00","209.50","210.00","+19.00","134"
"2228","劍麟","1,577,000","118,036,500","74.00","76.70","73.00","74.10","+4.10","1,174"
"2231","為升","619,452","61,325,748","99.00","99.00","99.00","99.00","+9.00","331"
"2233","宇隆","454,142","21,972,892","47.00","49.45","47.00","48.65","+2.95","357"
"2236","百達-KY","25,196","353,713","14.00","14.45","13.85","14.20","+0.65","16"
"2239","英利-KY","135,327","6,880,796","49.10","51.80","49.10","50.10","+2.65","120"
"2243","宏旭-KY","41,463","375,855","9.34","9.34","8.90","9.00","+0.09","35"
"2301","光寶科","8,374,615","340,327,710","40.90","41.00","40.20","40.50","+1.15","3,663"
"2302","麗正","387,003","2,018,173","5.04","5.28","5.04","5.28","+0.48","149"
"2303","聯電","187,932,889","2,663,715,374","14.05","14.35","13.95","14.10","+0.25","17,998"
"2305","全友","363,751","1,442,689","3.77","4.01","3.77","4.01","+0.36","119"
"2308","台達電","8,293,471","984,863,520","118.00","119.50","118.00","119.00","+4.00","3,905"
"2312","金寶","4,102,681","39,615,712","9.60","9.88","9.45","9.50","+0.34","1,550"
"2313","華通","33,908,444","986,274,101","28.40","29.40","28.20","29.40","+2.65","10,036"
"2314","台揚","2,772,767","42,504,892","15.20","15.75","14.80","15.00","+0.55","1,302"
"2316","楠梓電","4,106,245","102,647,959","24.80","25.40","24.50","24.80","+1.65","1,949"
"2317","鴻海","53,652,986","3,851,366,575","71.20","72.60","71.10","71.40","+2.00","26,059"
"2321","東訊","61,375","74,143","1.21","1.28","1.20","1.28","+0.07","21"
"2323","中環","13,504,747","88,244,263","6.54","6.64","6.42","6.50","+0.22","2,696"
"2324","仁寶","23,155,478","397,619,909","16.90","17.35","16.90","17.15","+0.75","6,222"
"2327","國巨","21,333,546","6,195,843,024","290.00","295.50","283.00","292.00","+18.00","16,090"
"2328","廣宇","3,485,996","56,887,270","16.15","16.60","16.10","16.35","+0.65","1,527"
"2329","華泰","3,930,839","37,718,902","9.40","9.71","9.40","9.56","+0.65","1,309"
"2330","台積電","80,514,199","22,368,633,590","276.50","280.00","274.00","277.00","+9.50","40,932"
"2331","精英","729,083","5,928,302","7.91","8.28","7.91","8.16","+0.34","249"
"2332","友訊","7,020,996","72,794,116","10.30","10.60","10.10","10.50","+0.50","1,807"
"2337","旺宏","35,127,858","928,669,137","26.00","26.60","26.00","26.60","+2.40","10,904"
"2338","光罩","8,391,014","199,119,486","23.35","24.10","23.25","24.10","+2.10","3,524"
"2340","光磊","2,390,615","41,769,828","17.55","17.75","17.15","17.25","+0.60","1,387"
"2342","茂矽","9,039,911","180,803,831","19.35","20.35","19.15","20.20","+1.70","3,624"
"2344","華邦電","43,801,985","505,503,104","11.30","11.65","11.20","11.65","+1.05","10,298"
"2345","智邦","11,728,755","1,783,185,515","150.00","155.50","148.00","154.00","+10.00","7,854"
"2347","聯強","6,184,941","220,857,882","35.25","36.30","35.05","35.90","+1.55","2,868"
"2348","海悅","331,150","15,734,383","46.90","48.20","46.85","47.30","+1.25","250"
"2349","錸德","6,281,579","26,701,605","4.22","4.34","4.18","4.20","+0.12","1,316"
"2351","順德","933,265","35,045,351","37.00","38.30","36.50","37.50","+2.50","650"
"2352","佳世達","5,715,752","85,917,936","14.85","15.25","14.85","14.90","+0.55","1,859"
"2353","宏碁","14,176,474","197,036,413","13.75","14.00","13.75","13.85","+0.30","4,856"
"2354","鴻準","3,662,411","183,496,154","50.00","50.60","49.75","49.95","+1.20","1,994"
"2355","敬鵬","3,295,201","69,526,018","20.50","21.55","20.35","20.85","+1.25","1,232"
"2356","英業達","13,849,114","307,193,899","22.80","22.80","21.60","21.60","+0.60","5,576"
"2357","華碩","4,179,269","758,289,542","181.00","184.00","180.00","180.00","+2.00","2,664"
"2358","廷鑫","265,320","2,854,621","10.70","11.00","10.55","10.80","+0.40","138"
"2359","所羅門","826,251","13,291,376","15.95","16.30","15.90","15.95","+0.30","418"
"2360","致茂","1,685,206","185,888,468","105.00","111.50","105.00","111.50","+10.00","997"
"2362","藍天","633,842","17,612,940","27.45","28.00","27.45","28.00","+0.95","356"
"2363","矽統","14,361,979","118,569,132","8.58","8.58","7.90","8.03","-0.13","4,344"
"2364","倫飛","99,721","171,419","1.71","1.73","1.70","1.70","+0.12","77"
"2365","昆盈","566,658","3,797,200","6.60","6.80","6.60","6.75","+0.15","160"
"2367","燿華","15,555,121","295,100,364","18.70","19.35","18.60","19.05","+1.35","5,452"
"2368","金像電","62,705,436","1,251,203,554","19.75","20.50","19.55","20.20","+1.35","19,661"
"2369","菱生","3,545,772","26,946,967","7.49","7.76","7.45","7.74","+0.51","1,081"
"2371","大同","8,017,525","153,585,375","18.60","19.60","18.60","19.30","+1.15","2,667"
"2373","震旦行","36,235","3,050,010","84.20","85.00","83.30","84.70","+1.50","35"
"2374","佳能","273,520","2,794,362","9.92","10.40","9.92","10.30","+0.48","164"
"2375","凱美","4,160,439","116,145,402","27.05","28.35","27.05","28.35","+2.55","2,465"
"2376","技嘉","7,747,831","331,818,029","41.10","43.60","40.65","43.60","+3.95","4,139"
"2377","微星","5,461,830","435,087,564","78.70","81.20","77.80","81.00","+4.20","3,421"
"2379","瑞昱","5,869,967","1,127,262,697","185.00","195.50","185.00","191.00","+13.00","4,189"
"2380","虹光","261,163","797,649","3.15","3.16","3.01","3.05","+0.05","228"
"2382","廣達","10,533,388","631,554,304","60.50","60.60","58.60","59.60","+2.30","6,290"
"2383","台光電","6,758,081","714,772,535","105.00","107.50","104.00","105.50","+5.90","4,683"
"2385","群光","3,813,872","277,877,702","71.20","74.50","71.20","72.30","+1.20","2,439"
"2387","精元","4,237,301","98,234,977","22.70","23.80","22.55","22.85","+0.70","1,926"
"2388","威盛","898,724","17,093,790","18.50","19.30","18.50","19.15","+1.30","533"
"2390","云辰","1,602,510","10,991,680","6.88","6.94","6.80","6.93","+0.30","711"
"2392","正崴","3,146,661","88,646,721","28.10","28.65","27.65","27.70","+0.90","1,670"
"2393","億光","3,161,679","76,682,012","23.90","24.70","23.75","24.20","+1.55","1,565"
"2395","研華","1,076,413","268,319,924","245.50","253.50","245.50","248.00","+6.00","873"
"2397","友通","126,000","7,811,800","62.00","62.60","61.00","61.80","+2.60","106"
"2399","映泰","824,160","6,021,764","7.25","7.45","7.20","7.37","+0.38","315"
"2401","凌陽","1,508,542","12,903,942","8.57","8.66","8.33","8.53","+0.50","594"
"2402","毅嘉","1,426,300","14,745,174","9.99","10.60","9.99","10.35","+0.41","546"
"2404","漢唐","1,513,997","240,027,019","156.00","159.50","156.00","159.50","+14.50","881"
"2405","浩鑫","1,083,000","7,701,140","7.00","7.20","7.00","7.02","+0.22","381"
"2406","國碩","1,842,866","15,602,734","8.25","8.65","8.25","8.38","+0.40","859"
"2408","南亞科","24,144,179","1,263,013,987","51.20","53.10","51.20","52.60","+4.30","12,658"
"2409","友達","126,553,195","829,961,474","6.49","6.68","6.40","6.59","+0.40","19,537"
"2412","中華電","9,847,227","1,060,759,834","107.00","108.50","107.00","108.00","+1.00","4,160"
"2413","環科","313,020","2,978,286","9.30","9.60","9.30","9.54","+0.59","140"
"2414","精技","378,766","7,685,640","20.15","20.45","20.15","20.25","+0.65","207"
"2415","錩新","175,513","2,032,650","11.45","11.75","11.45","11.65","+0.45","98"
"2417","圓剛","4,533,701","42,623,934","9.04","9.54","9.03","9.54","+0.86","1,899"
"2419","仲琦","936,443","15,735,567","16.85","17.10","16.50","16.55","+0.45","475"
"2420","新巨","381,115","10,986,330","28.55","29.00","28.55","28.85","+1.05","270"
"2421","建準","3,384,300","101,746,495","29.60","30.60","29.60","30.00","+1.55","2,094"
"2423","固緯","362,327","7,630,696","20.80","21.30","20.80","21.20","+0.75","256"
"2424","隴華","4,000","83,900","21.00","21.00","20.95","20.95","X0.00","4"
"2425","承啟","674,337","17,892,231","25.50","27.30","25.40","26.95","+1.45","402"
"2426","鼎元","987,982","9,144,263","8.91","9.35","8.91","9.27","+0.59","529"
"2427","三商電","146,016","1,352,177","9.21","9.35","9.19","9.30","+0.15","51"
"2428","興勤","1,412,056","101,135,144","71.00","73.10","70.50","71.70","+3.70","1,046"
"2429","銘旺科","215,042","3,854,607","17.00","18.35","17.00","17.90","+0.75","143"
"2430","燦坤","115,500","1,531,050","13.05","13.40","13.05","13.35","+0.50","58"
"2431","聯昌","217,078","1,455,421","6.66","6.80","6.53","6.73","+0.33","120"
"2433","互盛電","160,200","7,608,639","47.20","48.00","47.05","47.40","+1.60","126"
"2434","統懋","37,890","193,551","4.98","5.37","4.77","5.37","+0.37","17"
"2436","偉詮電","3,081,142","68,770,424","21.80","22.80","21.70","22.00","+1.05","1,784"
"2438","翔耀","24,030","136,530","5.71","5.85","5.54","5.70","+0.20","16"
"2439","美律","3,817,361","469,372,403","121.50","125.00","121.50","123.00","+6.00","2,862"
"2440","太空梭","121,589","840,453","6.81","7.27","6.76","7.27","+0.52","26"
"2441","超豐","911,456","34,387,216","36.80","38.30","36.60","37.55","+1.60","685"
"2442","新美齊","1,256,126","8,093,333","6.38","6.57","6.30","6.40","+0.37","406"
"2443","億麗","169,348","479,673","2.75","2.90","2.75","2.83","+0.18","93"
"2444","兆勁","602,010","7,993,630","13.50","13.50","13.10","13.25","+0.05","239"
"2448","晶電","19,115,505","511,775,002","26.10","27.25","26.10","26.75","+1.65","7,898"
"2449","京元電子","16,062,170","505,081,479","31.50","32.30","30.90","30.90","+0.05","7,954"
"2450","神腦","172,163","4,547,334","26.10","26.80","26.10","26.20","+0.20","124"
"2451","創見","1,142,149","79,448,159","69.60","71.30","68.10","68.30","+0.30","841"
"2453","凌群","1,353,000","18,082,100","13.15","13.60","13.15","13.50","+0.50","538"
"2454","聯發科","20,283,591","6,973,782,076","348.00","353.00","330.00","334.50","+4.50","13,754"
"2455","全新","3,874,579","304,693,611","77.70","80.00","77.10","78.40","+4.40","2,937"
"2456","奇力新","7,372,029","578,169,091","77.50","79.80","77.50","78.60","+4.60","4,990"
"2457","飛宏","847,317","4,876,788","5.60","5.81","5.60","5.76","+0.34","461"
"2458","義隆","10,418,641","812,347,435","76.30","79.70","76.20","77.10","+3.60","6,359"
"2459","敦吉","180,694","6,686,283","37.00","37.30","36.80","37.00","+0.70","137"
"2460","建通","164,000","1,094,650","6.60","7.00","6.52","6.70","+0.24","69"
"2461","光群雷","1,087,208","13,998,713","12.80","13.20","12.75","12.75","+0.20","370"
"2462","良得電","76,380","1,883,904","24.70","24.90","24.15","24.60","-0.05","74"
"2464","盟立","868,577","25,662,420","29.40","29.75","29.20","29.35","+1.10","642"
"2465","麗臺","153,387","957,226","6.15","6.38","6.15","6.20","+0.25","113"
"2466","冠西電","60,000","1,903,500","31.60","31.85","31.60","31.85","+0.45","46"
"2467","志聖","1,036,367","26,283,868","25.00","25.75","25.00","25.25","+0.80","534"
"2468","華經","140,328","1,757,801","12.85","12.85","12.10","12.30","-0.15","74"
"2471","資通","521,014","9,279,789","17.80","18.10","17.60","17.60","+0.20","273"
"2472","立隆電","465,311","12,811,943","27.40","27.90","27.05","27.55","+2.10","329"
"2474","可成","7,284,995","1,442,601,020","197.50","201.50","194.00","195.00","+3.50","4,350"
"2476","鉅祥","255,925","4,807,260","18.80","19.00","18.60","18.80","+1.05","190"
"2477","美隆電","248,881","4,749,539","19.00","19.40","18.55","19.15","+1.15","166"
"2478","大毅","7,403,426","397,877,479","54.00","54.60","52.60","53.60","+2.70","4,785"
"2480","敦陽科","1,922,188","102,353,569","53.70","54.50","52.40","52.50","+0.40","1,338"
"2481","強茂","3,898,885","70,709,190","18.00","18.25","17.80","18.25","+1.65","1,464"
"2482","連宇","233,053","2,217,845","9.45","9.70","9.42","9.70","+0.41","104"
"2483","百容","105,001","1,671,616","15.90","16.10","15.80","15.90","+0.55","62"
"2484","希華","899,280","14,127,844","15.55","15.90","15.50","15.55","+0.30","502"
"2485","兆赫","1,373,302","17,646,145","12.50","13.20","12.45","12.95","+0.90","597"
"2486","一詮","424,209","2,436,819","5.67","5.89","5.56","5.78","+0.28","210"
"2488","漢平","337,431","8,636,953","25.30","25.80","25.30","25.55","+0.75","267"
"2489","瑞軒","2,513,039","16,411,893","6.41","6.60","6.39","6.56","+0.27","825"
"2491","吉祥全","27,293","208,648","7.70","7.70","7.60","7.60","+0.39","11"
"2492","華新科","19,922,908","3,300,262,912","166.50","169.50","160.50","164.00","+5.00","13,663"
"2493","揚博","1,246,363","32,776,645","26.30","26.30","26.15","26.30","+2.35","443"
"2495","普安","797,871","8,620,403","10.55","11.05","10.55","11.00","+0.60","252"
"2496","卓越","70,117","3,725,133","52.90","54.00","52.10","53.30","+2.00","48"
"2497","怡利電","58,000","793,550","13.50","14.00","13.40","13.80","+0.70","43"
"2498","宏達電","8,826,340","256,490,010","29.20","29.60","28.40","28.90","+0.50","4,383"
"2499","東貝","1,798,304","10,586,723","5.79","5.98","5.79","5.85","+0.25","600"
"2501","國建","1,509,518","25,113,249","16.10","16.90","16.10","16.90","+1.50","719"
"2504","國產","7,806,439","82,689,080","10.40","10.80","10.40","10.75","+0.55","2,086"
"2505","國揚","2,418,227","40,770,571","16.55","17.35","16.45","17.30","+1.20","825"
"2506","太設","670,786","6,097,998","8.99","9.21","8.78","9.09","+0.30","129"
"2509","全坤建","224,520","4,440,370","19.55","19.85","19.55","19.75","+0.15","74"
"2511","太子","1,895,089","17,287,161","8.90","9.25","8.90","9.25","+0.54","684"
"2514","龍邦","627,438","8,916,870","13.80","14.55","13.80","14.40","+0.75","303"
"2515","中工","16,572,309","92,171,349","5.42","5.69","5.42","5.56","+0.24","2,132"
"2516","新建","329,000","1,211,270","3.59","3.75","3.58","3.68","+0.19","76"
"2520","冠德","2,337,903","50,459,076","21.50","21.90","21.30","21.50","+0.60","872"
"2524","京城","290,089","8,720,992","29.80","30.95","29.70","29.85","+0.20","142"
"2527","宏璟","427,000","7,147,050","16.30","16.90","16.15","16.75","+1.00","192"
"2528","皇普","328,059","5,490,285","16.05","16.90","16.05","16.80","+1.40","128"
"2530","華建","131,200","2,092,011","16.00","16.15","15.85","15.95","-0.05","81"
"2534","宏盛","1,814,312","28,283,360","15.35","15.75","15.35","15.55","+0.45","704"
"2535","達欣工","2,493,052","48,293,107","19.15","19.60","19.15","19.20","+0.40","920"
"2536","宏普","630,174","12,592,845","19.95","20.20","19.75","19.95","+0.75","261"
"2537","聯上發","2,936,977","20,365,173","6.67","6.99","6.62","6.95","+0.59","774"
"2538","基泰","1,217,417","10,753,536","8.60","8.95","8.60","8.88","+0.53","429"
"2539","櫻花建","669,029","20,580,985","30.85","31.40","30.40","30.70","+0.20","294"
"2540","愛山林","9,000","162,300","18.10","18.30","17.80","18.00","+0.50","7"
"2542","興富發","4,664,336","185,952,590","40.50","40.50","39.05","39.80","+2.95","2,549"
"2543","皇昌","2,005","13,610","6.80","6.80","6.78","6.78","+0.07","7"
"2545","皇翔","432,262","11,731,265","26.95","27.50","26.75","27.10","+1.20","207"
"2546","根基","311,273","10,742,088","34.40","34.75","34.05","34.35","+0.90","198"
"2547","日勝生","2,746,542","24,577,970","8.79","9.14","8.73","9.06","+0.40","941"
"2548","華固","2,107,479","173,202,457","81.40","82.90","81.00","82.20","+3.90","1,518"
"2597","潤弘","89,000","4,794,500","52.60","55.00","52.20","54.50","+3.60","67"
"2601","益航","2,228,733","17,994,693","7.85","8.20","7.85","8.12","+0.44","491"
"2603","長榮","18,416,080","178,607,936","9.58","9.91","9.58","9.68","+0.24","5,913"
"2605","新興","1,631,807","17,375,579","10.55","10.80","10.50","10.60","+0.35","590"
"2606","裕民","2,051,670","51,038,612","24.50","25.20","24.50","24.80","+0.85","1,043"
"2607","榮運","1,303,529","15,066,203","11.40","11.70","11.40","11.65","+0.55","345"
"2608","嘉里大榮","375,336","13,367,617","35.00","36.40","35.00","35.80","+1.25","280"
"2609","陽明","2,822,987","14,566,465","5.10","5.22","5.07","5.15","+0.18","804"
"2610","華航","47,562,422","329,896,395","6.80","7.01","6.75","7.01","+0.63","9,337"
"2611","志信","405,991","2,413,062","6.02","6.05","5.91","5.95","-0.03","117"
"2612","中航","321,700","6,683,495","20.15","21.10","20.15","20.65","+1.00","193"
"2613","中櫃","102,052","1,075,386","10.50","10.65","10.45","10.55","+0.20","75"
"2614","東森","3,319,991","33,970,499","10.25","10.40","10.05","10.10","+0.20","956"
"2615","萬海","3,455,803","46,274,426","13.00","13.65","13.00","13.25","+0.65","1,208"
"2616","山隆","145,886","4,156,394","28.20","28.70","28.20","28.45","+0.60","379"
"2617","台航","628,168","8,314,475","13.00","13.50","13.00","13.30","+0.55","247"
"2618","長榮航","54,738,004","502,915,567","9.19","9.45","8.80","9.26","+0.63","14,723"
"2630","亞航","65,000","706,150","10.90","10.90","10.75","10.80","+0.84","50"
"2633","台灣高鐵","8,252,444","243,918,492","29.40","29.85","29.20","29.55","+0.65","3,594"
"2634","漢翔","3,241,024","86,655,482","26.60","27.00","26.50","26.50","+0.40","1,446"
"2636","台驊投控","270,888","5,116,122","18.60","19.20","18.60","18.85","+0.55","179"
"2637","慧洋-KY","2,430,302","52,497,389","21.40","21.95","21.20","21.55","+0.85","1,076"
"2642","宅配通","404,171","10,154,593","25.10","25.35","24.95","25.15","+0.70","295"
"2701","萬企","149,245","1,591,308","10.60","10.90","10.50","10.65","+0.25","68"
"2702","華園","283,305","3,107,849","10.70","11.20","10.55","10.85","+0.55","159"
"2704","國賓","202,693","4,865,400","23.80","24.40","23.60","24.05","+0.55","151"
"2705","六福","154,820","1,615,000","10.20","10.55","10.20","10.30","+0.30","128"
"2706","第一店","189,936","2,256,442","11.65","12.15","11.65","11.80","+0.30","81"
"2707","晶華","993,837","110,436,418","109.00","114.00","107.00","112.00","+8.00","784"
"2712","遠雄來","3,002","94,412","32.25","32.25","31.05","31.05","+1.35","5"
"2722","夏都","7,201","154,750","22.00","23.35","20.65","20.65","-1.35","8"
"2723","美食-KY","2,051,884","151,516,358","75.10","76.90","71.20","71.70","-0.80","1,589"
"2727","王品","598,409","34,310,422","57.50","58.10","56.50","57.30","+3.70","962"
"2731","雄獅","466,222","24,893,354","51.20","54.30","51.20","54.20","+4.80","399"
"2739","寒舍","170,000","3,456,150","20.65","20.75","20.10","20.45","-0.05","65"
"2748","雲品","132,000","4,933,050","36.50","37.60","36.50","37.55","+1.30","100"
"2801","彰銀","8,638,713","169,150,600","19.30","19.95","19.25","19.65","+0.40","2,850"
"2809","京城銀","5,028,742","144,861,840","29.00","29.40","28.40","28.75","+0.55","1,998"
"2812","台中銀","18,242,851","191,893,972","10.30","10.75","10.30","10.55","+0.55","4,541"
"2816","旺旺保","451,271","7,796,972","17.10","17.45","17.10","17.15","+0.55","246"
"2820","華票","1,628,200","22,857,650","14.00","14.15","13.90","13.95","+0.05","725"
"2823","中壽","15,548,726","256,297,450","16.50","16.70","16.25","16.35","+0.60","4,583"
"2832","台產","307,200","5,543,467","17.85","18.15","17.85","18.10","+0.50","159"
"2834","臺企銀","39,889,226","389,732,146","9.60","9.92","9.60","9.80","+0.50","10,055"
"2836","高雄銀","881,367","7,714,499","8.67","8.90","8.57","8.75","+0.35","506"
"2838","聯邦銀","3,639,443","36,042,817","9.62","10.05","9.62","9.89","+0.52","1,243"
"2838A","聯邦銀甲特","1,001,177","50,599,445","50.40","50.70","50.20","50.70","+0.50","198"
"2841","台開","3,239,116","17,374,259","5.30","5.45","5.28","5.41","+0.26","845"
"2845","遠東銀","8,863,617","88,541,180","9.89","10.10","9.85","9.94","+0.36","1,934"
"2849","安泰銀","119,771","1,529,577","12.70","12.90","12.70","12.90","+0.50","68"
"2850","新產","506,143","16,510,212","32.60","33.40","32.20","32.30","+0.75","280"
"2851","中再保","390,470","6,477,517","16.45","16.85","16.35","16.70","+0.80","218"
"2852","第一保","216,319","2,430,250","10.80","11.50","10.80","11.35","+0.55","98"
"2855","統一證","1,990,832","22,951,363","11.55","11.70","11.40","11.50","+0.20","527"
"2867","三商壽","4,949,615","42,213,803","8.46","8.63","8.41","8.50","+0.30","1,340"
"2880","華南金","39,840,110","713,694,380","17.65","18.05","17.65","17.95","+0.45","10,577"
"2881","富邦金","21,063,887","781,520,164","37.15","37.40","36.60","37.10","+0.85","6,604"
"2881A","富邦特","680,686","42,134,251","62.30","62.80","61.60","61.60","+0.40","192"
"2881B","富邦金乙特","605,870","36,723,643","60.80","61.40","60.30","60.40","-0.20","132"
"2882","國泰金","24,031,348","852,042,049","35.35","35.80","35.10","35.30","+0.65","8,241"
"2882A","國泰特","674,894","41,081,254","61.40","61.50","60.70","60.80"," 0.00","173"
"2882B","國泰金乙特","356,629","21,588,664","61.10","61.20","60.40","60.60","+0.10","48"
"2883","開發金","48,556,565","365,288,641","7.44","7.61","7.43","7.54","+0.28","9,415"
"2884","玉山金","121,669,935","2,940,737,807","23.80","24.60","23.80","24.20","+1.65","34,369"
"2885","元大金","39,122,452","615,305,434","15.90","15.95","15.40","15.75","+0.55","7,820"
"2886","兆豐金","34,707,149","973,866,438","27.95","28.35","27.75","27.95","+0.60","12,978"
"2887","台新金","47,743,299","559,430,711","11.60","11.90","11.50","11.70","+0.65","10,128"
"2887E","台新戊特","697,497","36,023,292","52.60","52.80","51.30","51.90","+0.30","150"
"2887F","台新戊特二","59,903","3,047,560","51.00","51.20","50.80","50.90","+0.20","41"
"2888","新光金","62,955,979","478,410,062","7.51","7.68","7.51","7.61","+0.28","9,524"
"2888A","新光金甲特","367,165","15,442,144","42.15","42.25","41.95","42.05","+0.50","145"
"2889","國票金","11,720,563","119,358,395","10.10","10.30","10.10","10.20","+0.26","3,222"
"2890","永豐金","33,168,384","359,613,961","10.60","11.10","10.55","10.85","+0.50","6,445"
"2891","中信金","81,773,053","1,433,672,294","17.30","17.80","17.30","17.50","+0.90","20,070"
"2891B","中信金乙特","87,895","5,521,003","63.10","63.10","62.70","62.80","-0.40","39"
"2891C","中信金丙特","66,177","4,019,323","61.00","61.00","60.60","60.70","-0.10","43"
"2892","第一金","37,647,167","732,687,913","19.10","19.75","19.05","19.50","+0.90","11,067"
"2897","王道銀行","2,851,211","18,616,238","6.56","6.60","6.48","6.58","+0.24","953"
"2897A","王道銀甲特","166,000","1,594,550","9.64","9.70","9.56","9.57","+0.10","70"
"2901","欣欣","12,000","259,950","21.65","21.75","21.50","21.75"," 0.00","11"
"2903","遠百","1,547,765","33,292,772","21.20","22.00","21.15","21.50","+0.40","735"
"2904","匯僑","185,000","3,819,850","20.55","20.75","20.10","20.75","+1.85","117"
"2905","三商","1,306,402","21,818,961","16.30","16.90","16.30","16.80","+1.00","622"
"2906","高林","328,155","3,452,112","10.40","10.75","10.20","10.50","+0.54","94"
"2908","特力","165,153","2,996,034","18.15","18.20","18.00","18.15","+0.20","88"
"2910","統領","7,000","210,100","30.05","30.05","30.00","30.00","-0.10","4"
"2911","麗嬰房","228,234","1,221,841","5.22","5.42","5.22","5.37","+0.17","117"
"2912","統一超","3,182,142","855,736,319","265.50","272.50","265.50","272.50","+5.50","2,131"
"2913","農林","1,565,309","19,143,510","12.20","12.45","11.95","12.25","+0.60","713"
"2915","潤泰全","1,805,380","120,620,623","66.80","67.40","66.00","66.60","+0.80","1,239"
"2923","鼎固-KY","24,000","505,600","20.95","21.35","20.95","21.20","+0.55","20"
"2929","淘帝-KY","1,272,257","76,983,677","60.80","61.50","59.70","60.40","+2.50","923"
"2936","客思達-KY","38,000","443,700","11.45","11.85","11.45","11.65","+0.05","24"
"2939","凱羿-KY","63,093","5,873,322","91.50","94.50","91.50","92.30","+1.30","60"
"3002","歐格","128,104","1,203,262","9.05","9.84","9.05","9.80","+0.76","94"
"3003","健和興","1,271,302","37,031,896","29.00","29.70","28.40","28.70","+0.65","803"
"3004","豐達科","476,559","24,413,629","51.40","51.40","50.40","51.40","+4.65","333"
"3005","神基","3,054,315","131,203,642","42.25","43.80","42.25","43.05","+1.25","1,527"
"3006","晶豪科","2,704,591","72,809,027","26.30","27.35","26.30","26.80","+1.35","1,462"
"3008","大立光","1,179,756","4,627,044,833","3,890.00","3,980.00","3,850.00","3,890.00","+225.00","1,542"
"3010","華立","517,795","24,315,145","45.80","48.05","45.80","48.00","+3.40","377"
"3011","今皓","200,500","891,857","4.38","4.56","4.25","4.53","+0.34","83"
"3013","晟銘電","275,000","3,098,400","11.20","11.40","11.15","11.15","+0.15","128"
"3014","聯陽","3,570,000","140,143,200","39.05","39.90","38.50","38.65","+0.50","2,237"
"3015","全漢","518,302","9,436,359","18.05","18.30","17.95","18.20","+0.35","256"
"3016","嘉晶","7,886,888","378,488,874","47.60","48.95","47.00","47.70","+1.90","4,975"
"3017","奇鋐","11,605,544","346,652,421","29.90","30.40","29.15","29.55","+0.45","5,931"
"3018","同開","461,000","7,176,450","15.50","15.95","15.30","15.60","+0.60","179"
"3019","亞光","4,556,872","282,308,164","61.20","63.00","61.00","61.60","+2.70","3,092"
"3021","鴻名","92,000","1,012,450","11.10","11.10","10.90","10.95","+0.10","44"
"3022","威強電","948,276","29,744,773","32.40","32.80","30.50","30.60","-0.90","630"
"3023","信邦","2,340,646","273,899,728","116.50","118.50","114.00","118.50","+10.50","1,619"
"3024","憶聲","555,161","3,552,691","6.43","6.49","6.33","6.34","+0.29","134"
"3025","星通","137,009","1,904,367","13.65","14.35","13.60","13.80","+0.40","84"
"3026","禾伸堂","4,546,985","402,103,255","87.90","90.30","87.20","88.50","+4.70","3,347"
"3027","盛達","227,455","1,223,260","5.35","5.47","5.32","5.36","+0.04","129"
"3028","增你強","515,001","8,782,667","17.00","17.30","16.85","17.10","+0.85","273"
"3029","零壹","1,592,321","45,063,169","28.25","28.80","27.95","28.00","+0.40","926"
"3030","德律","1,109,715","49,452,728","44.40","45.00","44.30","44.50","+1.30","728"
"3031","佰鴻","1,556,061","19,425,144","12.30","12.95","12.25","12.30","+0.15","705"
"3032","偉訓","146,000","3,331,850","22.35","23.20","22.35","22.80","+0.60","89"
"3033","威健","2,047,245","26,259,341","12.45","13.05","12.35","12.85","+0.95","927"
"3034","聯詠","7,656,911","1,292,233,281","166.50","171.50","165.00","169.00","+7.50","5,355"
"3035","智原","4,269,266","154,854,661","35.60","37.20","35.60","36.40","+2.30","2,574"
"3036","文曄","1,392,480","47,516,658","33.95","34.25","33.80","34.20","+1.35","712"
"3037","欣興","50,104,310","1,547,515,291","30.50","31.40","30.30","31.10","+2.50","18,113"
"3038","全台","3,456,990","52,373,741","15.00","15.40","14.90","15.15","+1.15","1,280"
"3040","遠見","97,956","2,334,394","23.05","24.30","23.05","24.00","+1.35","79"
"3041","揚智","2,196,511","27,370,519","12.50","12.65","12.30","12.40","+0.45","1,176"
"3042","晶技","7,974,821","338,590,569","42.00","43.35","41.65","42.25","+1.15","4,709"
"3043","科風","111,008","138,758","1.25","1.25","1.25","1.25"," 0.00","23"
"3044","健鼎","2,978,152","271,054,784","90.00","92.00","89.50","92.00","+8.30","2,030"
"3045","台灣大","5,358,801","540,594,602","99.30","102.00","99.30","102.00","+3.30","2,412"
"3046","建碁","4,001","27,655","6.93","6.93","6.86","6.86","+0.36","4"
"3047","訊舟","984,094","6,442,916","6.48","6.66","6.31","6.48","+0.41","342"
"3048","益登","2,635,342","38,930,470","14.75","14.95","14.50","14.55","+0.35","1,309"
"3049","和鑫","8,170,369","76,499,499","9.30","9.48","9.29","9.31","+0.27","2,412"
"3050","鈺德","658,920","5,758,177","8.57","8.85","8.57","8.79","+0.53","315"
"3051","力特","135,459","389,507","2.85","2.98","2.85","2.85","-0.08","70"
"3052","夆典","915,612","8,130,639","8.66","9.09","8.66","8.90","+0.24","329"
"3054","立萬利","21,057","488,683","23.55","23.60","22.95","23.40","+0.60","20"
"3055","蔚華科","169,045","4,414,420","26.00","26.65","25.70","26.00","+0.45","106"
"3056","總太","2,021,538","49,822,581","24.30","25.00","24.30","24.75","+1.15","989"
"3057","喬鼎","366,275","1,436,112","3.90","3.99","3.85","3.96","+0.18","169"
"3058","立德","305,477","1,508,439","4.85","5.03","4.85","4.98","+0.21","115"
"3059","華晶科","1,047,778","18,160,914","17.20","17.50","17.20","17.25","+0.50","771"
"3060","銘異","1,560,068","17,136,848","11.05","11.15","10.80","11.10","+0.55","641"
"3062","建漢","2,928,817","36,071,983","12.30","12.65","12.05","12.10","+0.30","1,248"
"3090","日電貿","2,016,568","75,765,883","36.85","38.00","36.80","38.00","+2.35","1,484"
"3094","聯傑","484,515","7,438,124","15.30","15.65","15.10","15.40","+0.50","275"
"3130","一零四","36,000","4,867,000","142.00","142.00","133.00","135.00","+3.00","26"
"3149","正達","437,127","2,243,487","5.00","5.28","5.00","5.12","+0.17","192"
"3164","景岳","220,000","3,857,100","17.25","18.00","17.00","17.80","+1.10","100"
"3167","大量","140,322","4,490,020","31.05","32.30","31.05","31.75","+0.95","89"
"3189","景碩","4,614,180","166,279,449","35.95","37.10","35.30","35.60","+1.75","2,606"
"3209","全科","580,621","9,924,745","16.85","17.15","16.85","17.10","+0.55","294"
"3229","晟鈦","38,000","352,590","9.70","9.70","9.19","9.25","-0.05","32"
"3231","緯創","7,797,237","180,895,855","23.20","23.20","23.20","23.20","+2.10","2,051"
"3257","虹冠電","47,088","2,229,348","46.65","48.00","46.65","47.10","+0.65","67"
"3266","昇陽","223,001","2,630,611","11.95","11.95","11.65","11.70","+0.15","96"
"3296","勝德","151,000","1,988,150","13.20","13.65","13.00","13.10","+0.10","62"
"3305","昇貿","152,387","2,805,706","18.90","18.90","18.00","18.35","+0.30","225"
"3308","聯德","42,069","169,972","4.03","4.24","4.01","4.24","-0.02","24"
"3311","閎暉","121,192","2,300,200","19.00","19.50","18.70","19.10","+0.45","172"
"3312","弘憶股","899,827","10,631,343","11.50","11.95","11.50","11.85","+0.70","330"
"3321","同泰","93,650","531,189","5.87","5.87","5.54","5.65","+0.01","59"
"3338","泰碩","13,732,790","1,198,712,825","87.50","90.00","83.70","84.00","-0.90","9,995"
"3346","麗清","268,000","4,340,450","15.70","16.25","15.70","16.25","+1.45","137"
"3356","奇偶","185,564","3,293,759","17.75","17.75","17.75","17.75","+1.60","116"
"3376","新日興","4,907,923","519,378,069","103.50","108.00","103.00","103.00","+4.00","3,429"
"3380","明泰","3,018,869","47,332,502","15.50","15.85","15.50","15.55","+0.55","1,248"
"3383","新世紀","18,833","76,565","4.10","4.10","3.91","4.10","-0.02","19"
"3406","玉晶光","14,590,979","5,805,024,432","398.00","407.50","387.50","403.00","+32.00","11,575"
"3413","京鼎","4,483,139","489,125,568","108.00","112.00","106.50","112.00","+10.00","2,921"
"3416","融程電","78,250","3,961,250","50.40","51.50","50.10","50.50","+0.10","49"
"3419","譁裕","448,435","4,532,343","9.90","10.20","9.90","10.15","+0.69","218"
"3432","台端","55,000","495,620","8.88","9.10","8.88","9.04","+0.44","20"
"3437","榮創","619,000","7,064,750","11.40","11.65","11.20","11.30","+0.40","313"
"3443","創意","1,933,747","345,365,213","176.00","182.50","174.50","179.00","+11.00","1,476"
"3450","聯鈞","5,348,977","322,264,529","60.20","61.80","58.30","58.80","+0.70","3,826"
"3454","晶睿","248,256","15,579,440","62.00","64.00","61.50","62.00","+1.40","220"
"3481","群創","166,625,097","889,438,563","5.32","5.44","5.25","5.30","+0.30","22,201"
"3494","誠研","189,200","607,118","3.12","3.26","3.10","3.21","+0.16","72"
"3501","維熹","169,960","6,810,334","39.70","40.35","39.70","39.90","+0.85","126"
"3504","揚明光","581,030","24,470,134","41.00","42.80","41.00","42.75","+3.80","433"
"3515","華擎","3,141,166","310,938,014","97.60","102.00","95.60","95.90","+1.40","2,533"
"3518","柏騰","1,329,030","26,094,596","19.80","20.40","18.70","18.70","-0.15","708"
"3528","安馳","75,100","2,597,570","33.70","34.90","33.70","34.60","+0.90","53"
"3530","晶相光","3,194,344","227,363,133","70.40","72.20","69.70","72.20","+6.50","2,393"
"3532","台勝科","4,525,438","617,480,816","141.00","142.00","131.00","132.00","-3.00","3,447"
"3533","嘉澤","2,332,761","621,952,165","262.50","274.50","260.50","265.00","+12.00","1,860"
"3535","晶彩科","1,165,000","14,342,650","12.20","12.55","12.00","12.30","+0.85","571"
"3536","誠創","22,000","60,110","2.85","2.99","2.60","2.68","-0.17","9"
"3545","敦泰","6,840,105","184,844,630","27.00","27.50","26.70","26.70","+0.40","2,706"
"3550","聯穎","162,150","1,592,180","9.70","9.94","9.70","9.80","+0.26","101"
"3557","嘉威","268,813","10,355,144","37.90","39.20","37.90","38.05","+1.10","183"
"3563","牧德","1,894,763","452,932,672","240.00","246.00","231.50","231.50","+2.50","1,629"
"3576","聯合再生","8,064,638","38,244,410","4.72","4.82","4.62","4.77","+0.29","1,661"
"3583","辛耘","401,000","15,712,800","38.50","39.45","38.50","39.15","+2.25","293"
"3588","通嘉","171,500","4,141,537","24.10","24.40","23.80","24.05","+0.45","145"
"3591","艾笛森","159,666","1,363,076","8.39","8.80","8.39","8.54","+0.37","68"
"3593","力銘","90,023","668,854","7.48","7.90","7.30","7.78","+0.53","49"
"3596","智易","4,400,685","294,347,495","65.80","68.20","65.80","66.20","+2.20","3,142"
"3605","宏致","1,344,100","26,182,449","18.85","19.90","18.85","19.60","+1.50","633"
"3607","谷崧","161,000","1,455,210","8.89","9.19","8.80","9.12","+0.64","77"
"3617","碩天","889,071","68,739,099","77.80","79.10","76.00","76.00","+0.60","677"
"3622","洋華","452,148","7,948,214","17.20","17.80","17.20","17.45","+0.60","195"
"3645","達邁","608,200","17,339,784","28.05","28.75","28.05","28.50","+1.50","398"
"3653","健策","1,917,205","287,023,955","148.00","151.00","147.50","151.00","+13.50","1,131"
"3661","世芯-KY","7,288,318","1,396,735,056","189.50","193.50","188.50","192.50","+16.50","5,004"
"3665","貿聯-KY","4,359,694","631,749,860","141.50","147.50","140.50","147.50","+13.00","3,083"
"3669","圓展","2,790,015","60,940,981","20.85","22.15","20.80","22.15","+2.00","1,325"
"3673","TPK-KY","6,386,311","227,517,722","35.00","36.25","34.95","35.45","+1.45","3,216"
"3679","新至陞","165,933","8,405,242","50.00","51.50","50.00","50.10","+1.55","112"
"3682","亞太電","5,687,111","30,942,902","5.50","5.51","5.38","5.43","+0.16","1,457"
"3686","達能","524,880","1,485,015","2.79","2.91","2.72","2.90","+0.20","209"
"3694","海華","207,000","2,470,800","11.85","12.20","11.70","12.10","+0.75","98"
"3698","隆達","1,457,953","16,650,922","11.20","11.75","11.15","11.25","+0.40","596"
"3701","大眾控","2,998","35,073","11.70","11.70","11.70","11.70","+0.10","12"
"3702","大聯大","4,265,222","148,690,170","34.05","35.20","34.00","34.65","+1.15","1,933"
"3702A","大聯大甲特","775,363","36,682,328","47.55","48.20","46.75","46.80","-0.10","360"
"3703","欣陸","1,310,225","12,774,211","9.50","9.93","9.50","9.75","+0.38","350"
"3704","合勤控","2,156,000","27,090,647","12.80","12.80","12.35","12.45","+0.20","1,077"
"3705","永信","942,150","38,828,881","41.90","42.10","40.10","41.05","-0.50","613"
"3706","神達","15,570,520","419,222,377","27.00","27.40","26.25","26.45","+0.65","6,605"
"3708","上緯投控","713,265","39,791,454","55.50","56.50","54.90","56.00","+2.50","670"
"3711","日月光投控","16,201,712","954,074,275","56.90","59.70","56.50","58.90","+4.60","8,192"
"3712","永崴投控","380,829","4,197,878","11.05","11.20","10.75","11.10","+0.80","233"
"4104","佳醫","315,922","15,829,290","50.50","50.50","49.80","49.85","+0.45","279"
"4106","雃博","738,000","14,361,350","19.25","20.55","19.00","20.45","+1.70","484"
"4108","懷特","390,000","4,454,900","11.40","11.60","11.20","11.40","+0.60","205"
"4119","旭富","5,057,394","568,033,022","109.00","114.50","108.00","113.00","+5.00","3,753"
"4133","亞諾法","2,136,287","69,773,921","33.05","33.70","32.15","32.60","-0.35","1,344"
"4137","麗豐-KY","641,403","108,082,413","170.00","171.00","166.00","167.50","+6.00","569"
"4141","龍燈-KY","194,100","2,019,584","10.15","10.65","10.15","10.60","+0.60","109"
"4142","國光生","12,219,603","315,097,496","26.10","26.40","25.45","25.45","+0.05","5,386"
"4144","康聯-KY","223,000","3,808,200","16.90","17.35","16.80","17.15","+0.65","122"
"4148","全宇生技-KY","171,000","3,998,400","22.40","24.15","22.40","23.25","+1.00","106"
"4155","訊映","456,500","11,688,799","26.00","26.10","25.30","25.45","+0.25","257"
"4164","承業醫","494,090","15,202,262","30.65","31.35","30.35","30.45","+0.55","357"
"4190","佐登-KY","365,654","25,267,431","70.60","70.60","68.30","69.00","+3.20","263"
"4306","炎洲","1,005,448","9,954,280","9.90","9.99","9.79","9.82","+0.12","427"
"4414","如興","1,336,100","11,206,975","8.37","8.44","8.32","8.40","+0.24","475"
"4426","利勤","942,940","25,367,609","25.45","27.20","25.45","27.20","+2.45","536"
"4438","廣越","305,445","34,234,840","108.00","114.00","108.00","112.00","+7.00","252"
"4439","冠星-KY","171,000","19,075,000","108.00","112.50","108.00","112.50","+10.00","131"
"4526","東台","2,367,096","24,295,523","10.30","10.50","10.05","10.40","+0.20","751"
"4532","瑞智","867,302","12,783,474","14.85","14.85","14.50","14.55","+0.30","389"
"4536","拓凱","255,049","23,925,053","91.50","95.00","91.50","93.00","+2.70","228"
"4540","全球傳動","410,000","15,512,500","37.95","38.15","37.10","37.60","+1.25","287"
"4545","銘鈺","97,175","2,149,100","22.60","22.90","21.70","22.00","+0.40","77"
"4551","智伸科","1,398,301","129,389,673","89.00","93.60","88.80","93.60","+8.50","957"
"4552","力達-KY","431,817","11,831,995","27.35","27.80","26.40","27.80","+2.10","318"
"4555","氣立","87,000","3,752,800","44.10","44.15","42.65","43.20","+0.30","59"
"4557","永新-KY","92,235","5,467,237","59.00","59.50","59.00","59.00","+0.80","92"
"4560","強信-KY","316,000","13,696,100","43.50","44.00","42.50","43.15","+0.35","249"
"4562","穎漢","22,099","400,881","18.50","18.50","17.80","18.30","+0.40","14"
"4564","元翎","1,206,103","32,430,666","26.60","27.35","26.30","26.55","+0.75","634"
"4566","時碩工業","311,010","10,263,722","32.50","33.80","32.30","32.40","+0.30","209"
"4571","鈞興-KY","102,000","5,094,600","47.50","51.10","47.50","50.40","+3.90","54"
"4572","駐龍","173,530","12,820,343","73.90","75.00","72.50","73.60","+3.50","159"
"4576","大銀微系統","268,000","14,599,600","53.80","56.00","53.30","54.20","+3.20","218"
"4581","光隆精密-KY","52,000","1,761,750","33.90","34.60","33.05","33.05","+0.10","39"
"4720","德淵","202,289","2,273,572","11.30","11.40","11.15","11.20","+0.15","81"
"4722","國精化","678,850","17,017,360","24.45","25.85","24.40","24.95","+0.60","287"
"4725","信昌化","916,157","6,671,689","7.34","7.43","7.12","7.19","+0.28","361"
"4737","華廣","127,053","7,504,027","58.00","59.50","58.00","59.00","+3.00","93"
"4739","康普","339,586","12,281,158","34.60","36.55","34.60","36.55","+3.30","258"
"4746","台耀","8,251,585","256,667,320","32.30","32.35","30.20","31.60","+0.65","4,888"
"4755","三福化","24,000","1,001,450","41.50","42.00","41.30","41.85","+1.45","24"
"4763","材料-KY","236,033","22,298,078","92.90","96.10","92.80","92.90","+1.40","200"
"4764","雙鍵","58,200","2,919,950","51.70","51.70","49.25","50.00","+1.70","34"
"4766","南寶","319,244","33,729,852","103.50","107.50","103.00","106.50","+6.00","258"
"4807","日成-KY","21,009","395,030","18.50","19.60","18.50","19.15","+0.65","26"
"4904","遠傳","4,698,722","295,911,868","61.40","63.50","61.40","63.40","+2.00","2,665"
"4906","正文","2,997,981","54,862,385","17.90","18.65","17.90","18.25","+0.80","1,450"
"4912","聯德控股-KY","167,158","11,119,673","64.90","68.20","64.10","68.20","+6.20","132"
"4915","致伸","3,696,397","145,152,337","38.40","39.70","38.40","39.40","+2.90","2,161"
"4916","事欣科","422,201","9,709,804","22.80","23.25","22.60","23.00","+1.20","299"
"4919","新唐","1,697,411","52,578,321","31.65","31.65","30.55","30.60","+0.80","1,215"
"4927","泰鼎-KY","10,831,746","570,738,461","53.60","54.20","51.10","51.40","-1.10","7,244"
"4930","燦星網","132,000","1,043,910","7.77","8.04","7.55","8.00","+0.69","61"
"4934","太極","2,096,538","24,459,809","11.30","11.75","11.30","11.75","+1.05","650"
"4935","茂林-KY","3,913,372","384,155,067","98.30","98.30","95.00","98.30","+8.90","1,407"
"4938","和碩","8,781,625","482,747,175","54.00","55.50","54.00","54.90","+3.00","4,427"
"4942","嘉彰","699,304","20,006,824","28.45","28.85","28.35","28.45","+0.75","379"
"4943","康控-KY","4,199,326","385,589,869","90.80","93.90","89.50","92.40","+7.00","3,174"
"4952","凌通","365,100","9,477,135","25.70","26.40","25.70","25.80","+0.80","224"
"4956","光鋐","258,280","2,152,951","8.05","8.40","8.05","8.38","+0.44","205"
"4958","臻鼎-KY","9,277,925","806,159,934","86.00","88.20","85.00","86.80","+5.70","5,718"
"4960","誠美材","1,225,701","5,278,034","4.10","4.38","4.10","4.30","+0.31","178"
"4961","天鈺","984,000","22,754,950","22.90","23.40","22.60","22.90","+0.95","612"
"4967","十銓","362,000","10,407,500","28.75","28.75","28.75","28.75","+2.60","129"
"4968","立積","3,673,330","436,028,913","119.00","119.50","116.50","119.00","+10.00","2,544"
"4976","佳凌","841,508","13,219,875","14.90","15.80","14.90","15.80","+1.40","419"
"4977","眾達-KY","3,764,315","310,090,207","82.50","84.50","80.00","81.60","+3.10","2,766"
"4989","榮科","232,000","3,201,600","13.35","13.90","13.35","13.80","+0.85","122"
"4994","傳奇","288,007","13,027,220","43.70","45.80","43.70","45.20","+3.55","218"
"4999","鑫禾","141,159","4,117,526","28.25","29.50","28.25","29.50","+2.15","115"
"5007","三星","625,031","26,722,940","44.60","45.40","43.80","45.00","+1.45","112"
"5203","訊連","1,261,553","123,858,518","95.30","99.50","95.30","99.50","+9.00","916"
"5215","科嘉-KY","1,122,868","63,168,425","55.10","58.00","55.10","55.40","+2.20","811"
"5225","東科-KY","508,478","11,537,652","22.20","23.20","22.10","22.80","+1.70","300"
"5234","達興材料","632,317","44,089,848","69.20","70.80","68.40","68.60","+1.40","475"
"5243","乙盛-KY","608,050","15,888,995","26.10","26.50","25.80","25.85","+0.65","354"
"5258","虹堡","280,000","4,926,550","17.00","18.00","17.00","17.50","+1.05","161"
"5264","鎧勝-KY","2,247,100","82,719,285","37.15","37.70","35.90","35.95","-0.50","1,262"
"5269","祥碩","2,068,734","1,489,129,534","751.00","751.00","685.00","701.00","+3.00","1,903"
"5283","禾聯碩","553,669","49,140,707","89.10","89.10","87.30","89.10","+8.10","350"
"5284","jpp-KY","42,367","1,381,570","33.00","33.45","31.40","32.15","-0.15","36"
"5285","界霖","607,000","23,088,000","37.15","38.60","37.15","37.90","+1.65","330"
"5288","豐祥-KY","199,000","17,409,900","86.20","88.70","86.20","87.00","+2.20","138"
"5305","敦南","388,364","14,812,182","38.10","38.80","37.75","38.25","+0.75","221"
"5388","中磊","1,534,438","95,267,342","62.00","62.60","61.50","61.80","+1.10","918"
"5434","崇越","1,642,067","140,225,253","85.00","86.40","84.00","84.30","+2.10","1,309"
"5469","瀚宇博","9,626,718","303,560,552","31.10","31.90","30.80","31.60","+2.60","4,610"
"5471","松翰","4,611,440","161,082,022","35.50","35.90","34.25","34.25","-0.15","2,711"
"5484","慧友","35,676","238,712","6.71","6.73","6.63","6.63","-0.10","65"
"5515","建國","402,160","3,096,470","7.54","7.75","7.54","7.70","+0.35","184"
"5519","隆大","1,397,210","16,705,170","11.90","12.05","11.85","12.00","+0.55","476"
"5521","工信","2,961,025","18,856,323","6.35","6.44","6.26","6.42","+0.27","640"
"5522","遠雄","1,590,117","53,597,363","33.00","34.30","33.00","33.75","+1.85","934"
"5525","順天","194,620","3,586,780","18.10","18.65","18.10","18.60","+1.05","129"
"5531","鄉林","975,682","8,020,343","8.28","8.35","8.11","8.19","+0.17","327"
"5533","皇鼎","89,765","1,252,183","14.30","14.30","13.90","14.00","+0.50","19"
"5534","長虹","842,620","58,930,157","69.70","70.30","69.40","69.90","+2.30","567"
"5538","東明-KY","60,000","1,638,750","25.00","27.60","25.00","27.60","+2.50","23"
"5607","遠雄港","935,077","17,479,643","18.80","18.85","18.45","18.80","+0.75","308"
"5608","四維航","632,579","2,857,079","4.59","4.59","4.42","4.59","+0.23","244"
"5706","鳳凰","390,131","10,650,272","25.60","27.75","25.60","27.70","+2.45","219"
"5871","中租-KY","10,233,842","945,202,064","93.20","93.90","90.50","91.00","+3.90","6,363"
"5876","上海商銀","10,204,031","411,893,227","40.00","40.75","40.00","40.60","+1.90","4,196"
"5880","合庫金","45,341,391","823,710,231","18.00","18.35","18.00","18.15","+0.75","12,832"
"5906","台南-KY","52,000","916,850","17.50","18.20","17.30","18.20","+0.70","28"
"5907","大洋-KY","518,000","10,017,350","19.00","19.75","18.90","19.15","+0.55","271"
"6005","群益證","2,935,629","25,304,466","8.50","8.69","8.50","8.63","+0.27","889"
"6024","群益期","511,726","18,292,168","36.20","36.20","35.25","35.40","+0.40","361"
"6108","競國","705,000","13,005,600","17.80","18.95","17.80","18.60","+1.35","357"
"6112","聚碩","897,732","29,329,524","32.75","32.90","32.35","32.45","+0.65","529"
"6115","鎰勝","154,000","6,099,000","39.00","40.00","39.00","39.20","+0.90","110"
"6116","彩晶","27,201,577","142,194,016","5.18","5.28","5.13","5.25","+0.31","5,161"
"6117","迎廣","25,000","276,050","10.80","11.20","10.80","10.90","+0.40","16"
"6120","達運","1,651,326","13,968,966","8.38","8.60","8.30","8.39","+0.43","703"
"6128","上福","153,096","4,016,224","25.80","27.15","25.80","26.50","+1.05","79"
"6131","鈞泰","20,131","57,019","2.82","3.10","2.82","3.10","+0.28","58"
"6133","金橋","68,218","428,736","6.21","6.46","6.21","6.31","+0.06","45"
"6136","富爾特","320,621","5,273,273","16.50","16.55","16.20","16.45","+0.95","217"
"6139","亞翔","765,000","16,588,850","21.50","22.10","21.30","21.30","+0.60","458"
"6141","柏承","1,100,200","15,528,000","14.05","14.35","13.80","14.00","+0.40","463"
"6142","友勁","708,180","3,659,275","5.06","5.29","5.05","5.22","+0.17","133"
"6152","百一","113,026","512,478","4.65","4.65","4.45","4.53","+0.15","83"
"6153","嘉聯益","6,299,385","144,114,176","22.90","23.15","22.60","22.85","+1.55","3,120"
"6155","鈞寶","505,000","9,186,550","18.00","18.50","17.85","18.25","+0.95","340"
"6164","華興","206,652","1,010,645","4.71","5.02","4.71","4.89","+0.24","116"
"6165","捷泰","448,017","8,061,406","17.05","18.25","17.05","18.25","+1.65","176"
"6166","凌華","838,861","51,891,592","60.80","63.40","60.30","61.90","+1.80","615"
"6168","宏齊","480,270","5,016,198","10.25","10.55","10.25","10.50","+0.50","209"
"6172","互億","497,999","10,326,275","20.40","21.00","20.30","20.80","+0.40","207"
"6176","瑞儀","3,841,099","311,840,220","81.20","82.80","79.70","79.70","+2.40","2,450"
"6177","達麗","594,539","14,229,036","23.75","24.10","23.60","23.65","+0.65","259"
"6183","關貿","147,300","5,587,658","37.55","38.25","37.55","37.65","+0.40","111"
"6184","大豐電","162,700","6,376,476","39.80","39.80","38.80","39.15","+0.15","126"
"6189","豐藝","665,050","19,299,161","29.00","29.20","28.75","29.05","+0.90","425"
"6191","精成科","3,229,583","37,591,507","11.70","11.75","11.50","11.65","+0.75","997"
"6192","巨路","339,677","19,063,789","54.90","57.40","54.70","56.30","+2.80","229"
"6196","帆宣","2,637,250","151,516,998","55.80","58.40","55.80","56.80","+3.70","1,894"
"6197","佳必琪","1,335,280","33,772,565","24.80","25.70","24.80","25.30","+0.70","717"
"6201","亞弘電","37,100","1,163,160","31.00","31.50","31.00","31.40","+0.95","28"
"6202","盛群","1,679,060","100,568,385","60.00","60.70","59.10","59.30","+0.60","1,102"
"6205","詮欣","34,000","646,500","18.50","19.15","18.50","19.10","+0.90","26"
"6206","飛捷","403,057","24,873,526","62.00","62.50","60.70","60.90","+0.90","312"
"6209","今國光","973,810","17,261,311","17.20","18.00","17.05","17.80","+1.35","688"
"6213","聯茂","9,388,011","1,186,932,886","123.50","129.50","123.50","127.00","+9.00","6,333"
"6214","精誠","1,083,680","79,400,920","73.50","73.90","72.00","72.70","+0.90","788"
"6215","和椿","184,018","1,993,748","10.65","11.00","10.65","10.80","+0.40","112"
"6216","居易","108,070","2,555,849","23.85","24.00","23.35","23.40","+0.95","108"
"6224","聚鼎","434,056","23,383,104","54.50","54.90","53.00","53.10","+0.40","360"
"6225","天瀚","9,219","14,654","1.68","1.68","1.58","1.58"," 0.00","6"
"6226","光鼎","1,159,937","7,268,486","6.38","6.38","6.16","6.22","+0.11","399"
"6230","超眾","2,890,844","658,303,180","231.50","235.00","220.00","220.00","-5.00","2,344"
"6235","華孚","527,580","3,963,028","7.66","7.66","7.36","7.41","+0.21","217"
"6239","力成","8,225,862","660,428,322","77.80","82.30","77.10","80.40","+5.20","5,185"
"6243","迅杰","195,054","1,156,834","5.91","6.11","5.80","5.93","+0.28","121"
"6251","定穎","6,824,671","90,446,321","12.90","13.45","12.90","13.45","+1.20","1,598"
"6257","矽格","5,587,812","176,275,150","31.70","31.85","31.05","31.15","+0.90","3,012"
"6269","台郡","6,946,244","664,834,348","94.80","97.30","93.70","94.30","+3.30","4,697"
"6271","同欣電","4,952,475","525,846,562","105.00","108.50","104.00","105.50","+5.70","3,326"
"6277","宏正","290,990","22,645,720","77.10","78.80","77.10","77.40","+1.60","205"
"6278","台表科","8,704,305","598,174,688","67.20","69.50","66.50","69.50","+6.30","5,130"
"6281","全國電","76,257","4,837,348","63.00","63.90","63.00","63.70","+1.30","62"
"6282","康舒","3,172,922","56,468,246","17.95","18.00","17.60","17.70","+0.80","1,606"
"6283","淳安","164,101","2,230,873","13.30","13.60","13.30","13.60","+1.20","77"
"6285","啟碁","3,002,336","155,474,270","50.30","52.60","50.20","52.00","+3.70","2,109"
"6288","聯嘉","2,680,000","40,434,900","14.80","15.35","14.70","15.20","+1.15","1,000"
"6289","華上","8,774","12,804","1.45","1.50","1.45","1.50","+0.07","31"
"6405","悅城","131,000","1,353,150","10.30","10.50","10.15","10.40","+0.35","82"
"6409","旭隼","182,751","117,371,399","623.00","659.00","623.00","648.00","+38.00","194"
"6412","群電","1,138,246","53,718,921","47.10","47.90","47.00","47.10","+2.10","828"
"6414","樺漢","864,612","124,504,128","144.00","144.00","144.00","144.00","+13.00","565"
"6415","矽力-KY","1,282,359","1,260,456,180","999.00","1,010.00","958.00","988.00","+57.00","1,252"
"6416","瑞祺電通","6,192,310","723,859,840","118.00","123.00","109.00","112.00","-1.50","4,609"
"6431","光麗-KY","68,000","1,246,550","18.75","19.05","17.65","18.50","+1.05","40"
"6442","光聖","22,000","703,750","31.90","32.50","31.65","31.70","-0.10","21"
"6443","元晶","1,141,851","5,312,590","4.60","4.73","4.53","4.63","+0.24","371"
"6449","鈺邦","249,052","5,686,046","23.00","23.25","22.60","22.65","+1.10","170"
"6451","訊芯-KY","1,098,000","92,494,500","84.30","84.30","83.00","84.30","+7.60","760"
"6452","康友-KY","1,538,430","224,460,850","146.00","148.50","142.00","144.50","+5.50","1,125"
"6456","GIS-KY","3,448,644","264,627,825","75.30","77.60","75.30","76.20","+2.90","2,529"
"6464","台數科","11,025","1,173,175","106.00","107.00","106.00","107.00","+1.00","12"
"6477","安集","990,000","17,172,400","17.50","17.60","17.15","17.40","+0.20","254"
"6491","晶碩","382,718","35,314,460","95.50","95.60","89.70","89.70","+0.60","254"
"6504","南六","858,116","115,374,833","133.00","136.50","133.00","134.50","+4.50","664"
"6505","台塑化","4,835,301","382,376,133","79.40","79.80","78.00","78.50","+1.10","2,975"
"6525","捷敏-KY","383,125","17,697,235","45.50","46.50","45.50","46.20","+1.35","285"
"6531","愛普","5,675,030","510,908,209","88.70","93.90","86.00","87.00","+1.20","3,804"
"6533","晶心科","679,768","55,159,122","80.90","82.80","79.70","80.80","+3.80","615"
"6541","泰福-KY","596,659","17,929,881","29.20","30.70","28.95","30.70","+2.75","382"
"6552","易華電","1,353,122","61,248,412","44.80","45.75","44.55","45.30","+2.60","947"
"6558","興能高","1,007,507","30,130,610","29.00","30.10","29.00","30.10","+2.70","482"
"6573","虹揚-KY","96,792","1,315,409","13.80","13.80","13.35","13.35","+0.10","47"
"6579","研揚","85,000","5,008,400","58.90","60.20","58.00","58.20","+1.80","48"
"6581","鋼聯","99,035","4,895,351","49.65","51.20","48.65","48.65","+0.55","84"
"6582","申豐","463,000","30,652,300","64.50","68.20","64.30","67.00","+3.30","404"
"6591","動力-KY","513,240","16,707,270","31.90","33.00","31.80","32.40","+1.55","338"
"6592","和潤企業","3,116,560","195,439,831","62.00","63.90","61.70","62.70","+3.60","1,921"
"6605","帝寶","189,795","8,264,230","42.95","44.15","42.35","43.90","+3.20","153"
"6625","必應","16,200","514,449","32.55","32.55","30.95","31.95","+1.95","18"
"6641","基士德-KY","48,294","2,704,158","55.50","56.50","55.40","56.00","+3.00","34"
"6655","科定","21,000","746,850","35.95","36.20","35.25","35.65","+0.50","17"
"6666","羅麗芬-KY","82,200","8,445,800","103.00","104.00","102.00","102.00","+3.00","86"
"6668","中揚光","1,347,368","66,170,548","47.90","49.75","47.90","48.90","+2.60","865"
"6669","緯穎","2,011,511","1,393,868,947","695.00","707.00","674.00","677.00","+9.00","1,940"
"6670","復盛應用","1,543,651","244,209,519","160.50","163.50","154.00","155.00","-2.50","1,346"
"6671","三能-KY","45,000","1,476,400","34.30","34.30","32.30","33.20","+0.05","33"
"6672","騰輝電子-KY","1,124,196","84,587,475","74.90","76.20","74.20","75.40","+2.30","842"
"6674","鋐寶科技","73,000","1,272,350","17.50","17.80","17.20","17.25","+0.55","46"
"6698","旭暉應材","236,050","10,060,145","41.50","43.25","41.50","42.90","+3.50","191"
"6706","惠特","1,451,892","98,698,456","66.00","69.80","66.00","67.80","+3.20","1,019"
"6715","嘉基","254,050","19,205,795","74.50","77.80","73.20","73.80","+1.90","213"
"8011","台通","584,081","6,421,550","10.85","11.20","10.85","10.95","+0.45","277"
"8016","矽創","2,983,169","344,609,435","115.00","117.00","114.00","114.50","+4.50","2,244"
"8021","尖點","795,449","13,510,633","16.90","17.20","16.70","16.80","+0.35","387"
"8028","昇陽半導體","2,769,802","123,572,848","44.05","45.50","43.60","44.00","+1.90","2,073"
"8033","雷虎","337,000","2,206,469","6.47","6.65","6.46","6.54","+0.22","195"
"8039","台虹","3,610,222","153,501,831","41.50","43.30","41.45","42.15","+1.55","2,278"
"8046","南電","11,873,103","509,875,289","41.50","43.65","41.30","43.65","+3.95","5,371"
"8070","長華","326,531","45,669,964","140.00","141.50","138.00","140.00","+9.00","261"
"8072","陞泰","138,030","2,766,301","20.20","20.35","20.00","20.05"," 0.00","50"
"8081","致新","2,176,400","220,900,800","102.00","103.50","99.20","100.00","+1.50","1,609"
"8101","華冠","704,009","3,092,093","4.53","4.53","4.25","4.33","+0.10","234"
"8103","瀚荃","181,646","3,581,427","19.60","20.10","19.25","19.80","+0.40","128"
"8104","錸寶","227,453","6,592,994","29.05","29.40","28.50","28.70","+0.70","202"
"8105","凌巨","1,772,039","13,907,312","7.63","8.00","7.63","7.86","+0.50","714"
"8110","華東","1,274,057","9,852,013","7.80","7.80","7.60","7.74","+0.54","434"
"8112","至上","4,976,840","145,424,166","29.40","29.50","28.95","29.00","+0.60","2,919"
"8114","振樺電","162,510","11,609,423","69.00","72.50","69.00","71.60","+4.40","155"
"8131","福懋科","1,090,349","34,946,057","31.85","32.60","31.05","31.70","+0.75","623"
"8150","南茂","11,937,012","320,164,529","26.50","27.20","26.45","26.55","+0.75","5,848"
"8163","達方","2,244,963","66,959,409","29.70","30.15","29.55","29.60","+0.90","1,310"
"8201","無敵","93,786","647,092","7.12","7.12","6.77","6.92","+0.35","52"
"8210","勤誠","2,740,469","207,776,689","76.00","77.90","73.40","74.40","+1.50","1,993"
"8213","志超","5,898,644","167,731,299","27.85","29.20","27.70","29.20","+1.85","2,185"
"8215","明基材","3,705,500","52,958,270","14.30","14.70","13.85","13.85"," 0.00","1,523"
"8222","寶一","218,069","2,572,153","11.60","12.10","11.55","11.80","+0.40","143"
"8249","菱光","239,653","4,035,911","16.95","17.05","16.60","16.80","+0.55","162"
"8261","富鼎","661,808","11,594,825","17.10","17.80","17.10","17.65","+1.20","399"
"8271","宇瞻","4,127,949","150,396,592","36.00","37.25","35.35","36.60","+2.50","2,681"
"8341","日友","458,985","94,650,866","203.50","209.50","203.00","206.50","+9.50","485"
"8367","建新國際","51,043","1,054,783","20.25","20.90","20.25","20.45","+0.80","34"
"8374","羅昇","595,160","9,129,264","15.00","15.40","15.00","15.40","+1.40","170"
"8404","百和興業-KY","835,150","21,471,250","25.10","26.15","24.80","26.00","+1.85","471"
"8411","福貞-KY","135,470","1,280,968","9.87","9.87","9.40","9.45","+0.05","76"
"8422","可寧衛","649,576","90,968,495","139.50","140.50","139.50","140.50","+4.00","507"
"8427","基勝-KY","7,000","252,800","37.30","37.30","35.60","35.60","X0.00","6"
"8429","金麗-KY","666,836","4,220,457","6.25","6.40","6.25","6.30","+0.18","240"
"8442","威宏-KY","128,000","5,833,000","44.15","47.45","44.15","46.15","-0.30","67"
"8443","阿瘦","72,000","597,940","7.99","8.49","7.99","8.31","+0.41","60"
"8454","富邦媒","155,130","52,036,140","337.50","342.00","330.00","330.00","-1.50","160"
"8462","柏文","114,877","14,991,448","130.50","130.50","130.50","130.50","+11.50","98"
"8463","潤泰材","364,000","10,864,050","29.75","30.35","29.50","29.75","+1.00","221"
"8464","億豐","1,740,004","334,357,276","182.00","194.00","182.00","193.50","+17.00","1,221"
"8466","美吉吉-KY","28,015","1,683,715","60.50","60.50","59.30","60.40","+1.60","27"
"8467","波力-KY","29,026","1,142,811","41.00","41.00","38.15","38.15"," 0.00","18"
"8473","山林水","78,883","2,778,066","34.10","35.70","34.10","35.40","+1.70","75"
"8478","東哥遊艇","193,146","5,081,727","26.30","27.00","26.00","26.20","-0.10","116"
"8480","泰昇-KY","29,000","3,511,500","120.00","126.00","120.00","120.50","+4.50","29"
"8481","政伸","17,000","841,500","49.50","50.00","49.00","49.00","+0.40","13"
"8482","商億-KY","139,080","15,132,320","105.50","115.50","103.00","103.50","-1.50","113"
"8488","吉源-KY","11,000","138,400","12.30","13.05","12.30","13.05","+0.75","7"
"8497","格威傳媒","168,001","11,428,472","68.00","68.20","67.90","68.00"," 0.00","98"
"8499","鼎炫-KY","159,014","12,028,559","74.50","77.00","74.50","75.00","+2.00","141"
"8926","台汽電","2,714,591","79,297,944","29.10","29.80","28.75","28.90","+0.55","1,498"
"8940","新天地","27,000","254,500","9.47","9.47","9.30","9.30","+0.25","7"
"8996","高力","5,920,182","259,891,178","42.95","45.10","42.50","43.45","+1.85","3,336"
"9103","美德醫療-DR","4,313,003","15,844,859","3.77","3.77","3.60","3.68"," 0.00","909"
"910322","康師傅-DR","7,000","185,200","26.60","26.60","25.60","25.60","-0.85","5"
"910482","聖馬丁-DR","137,002","35,600","0.26","0.26","0.25","0.26","+0.02","19"
"9105","泰金寶-DR","5,696,327","13,664,961","2.36","2.43","2.35","2.40","+0.10","863"
"910861","神州-DR","3,000","19,610","6.41","6.60","6.41","6.60","+0.20","2"
"9110","越南控-DR","116,000","147,060","1.26","1.30","1.23","1.30","+0.03","27"
"911608","明輝-DR","4,000","3,790","0.92","0.96","0.92","0.95","+0.03","3"
"911616","杜康-DR","500,000","368,360","0.71","0.76","0.71","0.75","+0.04","72"
"911622","泰聚亨-DR","0","0","0.00","0.00","0.00","0.00"," 0.00","0"
"911868","同方友友-DR","2,000","1,950","1.00","1.00","0.95","0.95","-0.04","2"
"912000","晨訊科-DR","61,000","96,040","1.60","1.60","1.56","1.60","X0.00","16"
"912398","友佳-DR","94,000","244,990","2.56","2.63","2.55","2.63"," 0.00","6"
"9136","巨騰-DR","221,000","1,263,480","5.77","5.89","5.68","5.71","+0.07","58"
"9188","精熙-DR","250,000","666,730","2.67","2.67","2.64","2.67","+0.24","65"
"9802","鈺齊-KY","1,784,372","142,643,408","79.90","80.40","78.60","80.40","+7.30","1,005"
"9902","台火","205,264","1,534,750","7.70","7.70","7.31","7.38","+0.26","96"
"9904","寶成","11,857,590","300,858,442","25.10","25.90","24.85","25.20","+1.15","4,543"
"9905","大華","293,003","5,459,757","18.30","18.90","18.30","18.70","+0.55","150"
"9906","欣巴巴","48,001","862,167","17.75","18.40","17.70","17.70","-0.05","30"
"9907","統一實","1,778,865","14,627,881","8.10","8.30","8.10","8.22","+0.36","602"
"9908","大台北","221,000","6,276,850","28.20","28.70","28.20","28.30","+0.70","127"
"9910","豐泰","1,548,328","204,472,942","128.00","132.50","127.00","132.50","+12.00","963"
"9911","櫻花","571,581","23,040,930","39.95","40.65","39.55","40.45","+1.25","498"
"9912","偉聯","181,098","1,024,973","5.72","5.80","5.63","5.65","+0.14","63"
"9914","美利達","1,671,491","164,602,600","97.00","99.80","94.40","99.80","+9.00","938"
"9917","中保科","716,243","56,976,511","79.50","80.00","79.00","79.60","+1.70","893"
"9918","欣天然","29,008","918,864","31.35","32.00","31.35","31.45","+0.10","27"
"9919","康那香","11,364,281","207,887,516","18.35","18.60","18.05","18.10"," 0.00","4,627"
"9921","巨大","1,229,741","169,163,240","134.00","140.00","131.50","140.00","+12.50","780"
"9924","福興","563,813","20,257,235","35.15","36.25","35.15","35.75","+1.45","334"
"9925","新保","337,530","11,344,164","33.45","34.00","33.10","33.55","+0.95","206"
"9926","新海","16,002","623,726","38.80","39.20","38.80","38.85","+0.50","13"
"9927","泰銘","305,353","8,660,554","27.90","28.55","27.90","28.35","+0.75","167"
"9928","中視","59,013","221,345","3.51","4.00","3.51","3.96","+0.06","33"
"9929","秋雨","10,005","104,900","10.65","10.65","10.35","10.50","+0.05","13"
"9930","中聯資源","297,207","12,103,817","39.00","42.00","39.00","41.90","+3.25","247"
"9931","欣高","4,127","142,377","34.50","34.50","34.50","34.50","+0.05","15"
"9933","中鼎","3,326,669","92,467,847","26.85","28.35","26.85","27.70","+1.15","1,813"
"9934","成霖","1,165,060","13,649,356","11.40","11.90","11.40","11.75","+0.65","375"
"9935","慶豐富","909,000","17,726,300","19.35","19.75","19.25","19.60","+1.00","437"
"9937","全國","59,107","2,433,777","41.00","41.95","40.95","41.00"," 0.00","47"
"9938","百和","4,317,442","206,672,819","46.50","48.25","46.45","48.25","+4.35","2,213"
"9939","宏全","1,526,256","72,596,409","47.15","48.05","46.90","47.45","+1.90","1,021"
"9940","信義","680,066","16,101,054","23.00","24.25","23.00","23.85","+1.45","382"
"9941","裕融","1,320,271","113,544,306","84.40","87.80","84.00","85.90","+5.90","1,098"
"9941A","裕融甲特","19,106","974,573","51.20","51.20","50.60","50.80","+0.60","19"
"9942","茂順","256,183","15,100,023","58.00","60.00","57.50","58.00","+2.10","202"
"9943","好樂迪","878,684","49,051,707","54.00","56.90","54.00","55.70","+3.80","700"
"9944","新麗","1,142,000","17,193,100","15.30","15.50","14.70","14.90"," 0.00","545"
"9945","潤泰新","5,304,492","174,193,317","32.55","33.60","32.20","33.40","+1.95","2,641"
"9946","三發地產","270,800","2,992,337","11.05","11.05","11.05","11.05","+1.00","65"
"9955","佳龍","953,558","13,092,376","13.90","14.10","13.35","13.45","+0.10","460"
"9958","世紀鋼","6,277,015","479,647,924","76.80","77.60","75.20","75.30","+0.70","4,170"
